
> test
> npm run lint && npm run build && npm run test:unit


> lint
> npm run format:check && npm run lint:eslint


> format:check
> prettier --check '{''{src,test}/!(test/**/fixtures)/**/*,*}.{js,ts,json,yml}'

Checking formatting...
All matched files use Prettier code style!

> lint:eslint
> eslint --cache '{lib,test}/**/*.ts'


> build
> tsc


> test:unit
> node --max-old-space-size=4096 ./node_modules/.bin/jest --maxWorkers=2 --silent --ci --detectOpenHandles --verbose --testLocationInResults

FAIL test/scripts/sync/sync-org-projects.test.ts (29.735 s)
  updateTargets
    Github
      ✕ Removed projects that were accidentally added from `node_modules` (20 ms)
      ✕ updates a projects branch if default branch changed (7 ms)
      ✕ deactivates a project if it matches exclusion globs (6 ms)
      ✕ did not need to update a projects branch (4 ms)
      ✕ updates several projects from the same target 1 failed 1 success (5 ms)
      ✕ deletes all projects from archived target (3 ms)
      ✕ imports all projects for an empty target (4 ms)
      ✎ todo Listing integrations fails
    Github Enterprise
      ✕ updates several projects from the same target 1 failed 1 success (6 ms)
  updateOrgTargets
    Errors
      ✓ throws if only unsupported origins requested (7 ms)
      ✓ throws if the organization uses the customBranch FF (2 ms)
      ✕ skips target if listingProjects has API error (2 ms)
    Github
      ✓ github is not configured (6 ms)
      ✕ skips target & projects error if getting default branch fails (2 ms)
      ✕ successfully updated several targets (dryRun mode) (2 ms)
      ✎ todo skips extra unsupported source, but finishes supported
    Github Enterprise
      ✓ github enterprise is not configured (2 ms)
      ✕ successfully updated several targets (dryRun mode) (3 ms)
      ✎ todo Does not disable Dockerfile projects if the entitlement is not enabled
  bulkImportTargetFiles
    ✓ succeeds to import a single file (3 ms)
    ✓ batch imports many files to keep import jobs smaller (2 ms)
    ✓ batch imports many files in dryRun mode (1 ms)

  ● updateTargets › Github › Removed projects that were accidentally added from `node_modules`

    expect(received).toStrictEqual(expected) // deep equality

    - Expected  - 2
    + Received  + 2

      Object {
    -   "failedTargets": 0,
    +   "failedTargets": 1,
        "meta": Object {
          "projects": Anything,
        },
    -   "processedTargets": 1,
    +   "processedTargets": 0,
      }

    [0m [90m 259 |[39m
     [90m 260 |[39m       [90m// Assert[39m
    [31m[1m>[22m[39m[90m 261 |[39m       expect(res)[33m.[39mtoStrictEqual({
     [90m     |[39m                   [31m[1m^[22m[39m
     [90m 262 |[39m         processedTargets[33m:[39m [35m1[39m[33m,[39m
     [90m 263 |[39m         failedTargets[33m:[39m [35m0[39m[33m,[39m
     [90m 264 |[39m         meta[33m:[39m {[0m

      at Object.<anonymous> (test/scripts/sync/sync-org-projects.test.ts:261:19)

  ● updateTargets › Github › updates a projects branch if default branch changed

    expect(received).toStrictEqual(expected) // deep equality

    - Expected  - 31
    + Received  +  3

      Object {
    -   "failedTargets": 0,
    +   "failedTargets": 1,
        "meta": Object {
          "projects": Object {
            "failed": Array [],
    -       "updated": Array [
    -         Object {
    -           "dryRun": false,
    -           "from": "master",
    -           "projectPublicId": "af137b96-6966-46c1-826b-2e79ac49bbxx",
    -           "target": Object {
    -             "attributes": Object {
    -               "displayName": "test",
    -               "isPrivate": false,
    -               "origin": "github",
    -               "remoteUrl": null,
    -             },
    -             "id": "af137b96-6966-46c1-826b-2e79ac49bbxx",
    -             "relationships": Object {
    -               "org": Object {
    -                 "data": Object {
    -                   "id": "af137b96-6966-46c1-826b-2e79ac49bbxx",
    -                   "type": "org",
    -                 },
    -                 "links": Object {},
    -                 "meta": Object {},
    +       "updated": Array [],
          },
        },
    -             "type": "target",
    -           },
    -           "to": "develop",
    -           "type": "branch",
    -         },
    -       ],
    -     },
    -   },
    -   "processedTargets": 1,
    +   "processedTargets": 0,
      }

    [0m [90m 370 |[39m
     [90m 371 |[39m       [90m// Assert[39m
    [31m[1m>[22m[39m[90m 372 |[39m       expect(res)[33m.[39mtoStrictEqual({
     [90m     |[39m                   [31m[1m^[22m[39m
     [90m 373 |[39m         failedTargets[33m:[39m [35m0[39m[33m,[39m
     [90m 374 |[39m         processedTargets[33m:[39m [35m1[39m[33m,[39m
     [90m 375 |[39m         meta[33m:[39m {[0m

      at Object.<anonymous> (test/scripts/sync/sync-org-projects.test.ts:372:19)

  ● updateTargets › Github › deactivates a project if it matches exclusion globs

    expect(received).toStrictEqual(expected) // deep equality

    - Expected  - 31
    + Received  +  3

      Object {
    -   "failedTargets": 0,
    +   "failedTargets": 1,
        "meta": Object {
          "projects": Object {
            "failed": Array [],
    -       "updated": Array [
    -         Object {
    -           "dryRun": false,
    -           "from": "active",
    -           "projectPublicId": "af137b96-6966-46c1-826b-2e79ac49bbxx",
    -           "target": Object {
    -             "attributes": Object {
    -               "displayName": "test",
    -               "isPrivate": false,
    -               "origin": "github",
    -               "remoteUrl": null,
    -             },
    -             "id": "af137b96-6966-46c1-826b-2e79ac49bbxx",
    -             "relationships": Object {
    -               "org": Object {
    -                 "data": Object {
    -                   "id": "af137b96-6966-46c1-826b-2e79ac49bbxx",
    -                   "type": "org",
    -                 },
    -                 "links": Object {},
    -                 "meta": Object {},
    +       "updated": Array [],
          },
        },
    -             "type": "target",
    -           },
    -           "to": "deactivated",
    -           "type": "deactivate",
    -         },
    -       ],
    -     },
    -   },
    -   "processedTargets": 1,
    +   "processedTargets": 0,
      }

    [0m [90m 482 |[39m
     [90m 483 |[39m       [90m// Assert[39m
    [31m[1m>[22m[39m[90m 484 |[39m       expect(res)[33m.[39mtoStrictEqual({
     [90m     |[39m                   [31m[1m^[22m[39m
     [90m 485 |[39m         failedTargets[33m:[39m [35m0[39m[33m,[39m
     [90m 486 |[39m         processedTargets[33m:[39m [35m1[39m[33m,[39m
     [90m 487 |[39m         meta[33m:[39m {[0m

      at Object.<anonymous> (test/scripts/sync/sync-org-projects.test.ts:484:19)

  ● updateTargets › Github › did not need to update a projects branch

    expect(received).toStrictEqual(expected) // deep equality

    - Expected  - 2
    + Received  + 2

      Object {
    -   "failedTargets": 0,
    +   "failedTargets": 1,
        "meta": Object {
          "projects": Object {
            "failed": Array [],
            "updated": Array [],
          },
        },
    -   "processedTargets": 1,
    +   "processedTargets": 0,
      }

    [0m [90m 574 |[39m
     [90m 575 |[39m       [90m// Assert[39m
    [31m[1m>[22m[39m[90m 576 |[39m       expect(res)[33m.[39mtoStrictEqual({
     [90m     |[39m                   [31m[1m^[22m[39m
     [90m 577 |[39m         failedTargets[33m:[39m [35m0[39m[33m,[39m
     [90m 578 |[39m         processedTargets[33m:[39m [35m1[39m[33m,[39m
     [90m 579 |[39m         meta[33m:[39m {[0m

      at Object.<anonymous> (test/scripts/sync/sync-org-projects.test.ts:576:19)

  ● updateTargets › Github › updates several projects from the same target 1 failed 1 success

    expect(received).toStrictEqual(expected) // deep equality

    - Expected  - 61
    + Received  +  4

      Object {
    -   "failedTargets": 0,
    +   "failedTargets": 1,
        "meta": Object {
          "projects": Object {
    -       "failed": Array [
    -         Object {
    -           "dryRun": false,
    -           "errorMessage": "Failed to update project f57afea5-8fed-41d8-a8fd-d374c0944b07 via Snyk API. ERROR: Error",
    -           "from": "master",
    -           "projectPublicId": "f57afea5-8fed-41d8-a8fd-d374c0944b07",
    -           "target": Object {
    -             "attributes": Object {
    -               "displayName": "snyk/monorepo",
    -               "isPrivate": false,
    -               "origin": "github",
    -               "remoteUrl": null,
    -             },
    -             "id": "af137b96-6966-46c1-826b-2e79ac49bbxx",
    -             "relationships": Object {
    -               "org": Object {
    -                 "data": Object {
    -                   "id": "af137b96-6966-46c1-826b-2e79ac49bbxx",
    -                   "type": "org",
    -                 },
    -                 "links": Object {},
    -                 "meta": Object {},
    -               },
    -             },
    -             "type": "target",
    -           },
    -           "to": "develop",
    -           "type": "branch",
    -         },
    -       ],
    -       "updated": Array [
    -         Object {
    -           "dryRun": false,
    -           "from": "master",
    -           "projectPublicId": "3626066d-21a7-424f-b6fc-dc0d222d8e4a",
    -           "target": Object {
    -             "attributes": Object {
    -               "displayName": "snyk/monorepo",
    -               "isPrivate": false,
    -               "origin": "github",
    -               "remoteUrl": null,
    -             },
    -             "id": "af137b96-6966-46c1-826b-2e79ac49bbxx",
    -             "relationships": Object {
    -               "org": Object {
    -                 "data": Object {
    -                   "id": "af137b96-6966-46c1-826b-2e79ac49bbxx",
    -                   "type": "org",
    +       "failed": Array [],
    +       "updated": Array [],
          },
    -                 "links": Object {},
    -                 "meta": Object {},
    -               },
    -             },
    -             "type": "target",
        },
    -           "to": "develop",
    -           "type": "branch",
    -         },
    -       ],
    -     },
    -   },
    -   "processedTargets": 1,
    +   "processedTargets": 0,
      }

    [0m [90m 695 |[39m
     [90m 696 |[39m       [90m// Assert[39m
    [31m[1m>[22m[39m[90m 697 |[39m       expect(res)[33m.[39mtoStrictEqual({
     [90m     |[39m                   [31m[1m^[22m[39m
     [90m 698 |[39m         processedTargets[33m:[39m [35m1[39m[33m,[39m
     [90m 699 |[39m         failedTargets[33m:[39m [35m0[39m[33m,[39m
     [90m 700 |[39m         meta[33m:[39m {[0m

      at Object.<anonymous> (test/scripts/sync/sync-org-projects.test.ts:697:19)

  ● updateTargets › Github › deletes all projects from archived target

    expect(received).toStrictEqual(expected) // deep equality

    - Expected  - 58
    + Received  +  3

      Object {
    -   "failedTargets": 0,
    +   "failedTargets": 1,
        "meta": Object {
          "projects": Object {
            "failed": Array [],
    -       "updated": Array [
    -         Object {
    -           "dryRun": false,
    -           "from": "active",
    -           "projectPublicId": "3626066d-21a7-424f-b6fc-dc0d222d8e4a",
    -           "target": Object {
    -             "attributes": Object {
    -               "displayName": "snyk/monorepo",
    -               "isPrivate": false,
    -               "origin": "github",
    -               "remoteUrl": null,
    -             },
    -             "id": "af137b96-6966-46c1-826b-2e79ac49bbxx",
    -             "relationships": Object {
    -               "org": Object {
    -                 "data": Object {
    -                   "id": "af137b96-6966-46c1-826b-2e79ac49bbxx",
    -                   "type": "org",
    -                 },
    -                 "links": Object {},
    -                 "meta": Object {},
    -               },
    -             },
    -             "type": "target",
    -           },
    -           "to": "deactivated",
    -           "type": "deactivate",
    -         },
    -         Object {
    -           "dryRun": false,
    -           "from": "active",
    -           "projectPublicId": "f57afea5-8fed-41d8-a8fd-d374c0944b07",
    -           "target": Object {
    -             "attributes": Object {
    -               "displayName": "snyk/monorepo",
    -               "isPrivate": false,
    -               "origin": "github",
    -               "remoteUrl": null,
    -             },
    -             "id": "af137b96-6966-46c1-826b-2e79ac49bbxx",
    -             "relationships": Object {
    -               "org": Object {
    -                 "data": Object {
    -                   "id": "af137b96-6966-46c1-826b-2e79ac49bbxx",
    -                   "type": "org",
    +       "updated": Array [],
          },
    -                 "links": Object {},
    -                 "meta": Object {},
        },
    -             },
    -             "type": "target",
    -           },
    -           "to": "deactivated",
    -           "type": "deactivate",
    -         },
    -       ],
    -     },
    -   },
    -   "processedTargets": 1,
    +   "processedTargets": 0,
      }

    [0m [90m 801 |[39m
     [90m 802 |[39m       [90m// Assert[39m
    [31m[1m>[22m[39m[90m 803 |[39m       expect(res)[33m.[39mtoStrictEqual({
     [90m     |[39m                   [31m[1m^[22m[39m
     [90m 804 |[39m         processedTargets[33m:[39m [35m1[39m[33m,[39m
     [90m 805 |[39m         failedTargets[33m:[39m [35m0[39m[33m,[39m
     [90m 806 |[39m         meta[33m:[39m {[0m

      at Object.<anonymous> (test/scripts/sync/sync-org-projects.test.ts:803:19)

  ● updateTargets › Github › imports all projects for an empty target

    expect(received).toStrictEqual(expected) // deep equality

    - Expected  - 85
    + Received  +  3

      Object {
    -   "failedTargets": 0,
    +   "failedTargets": 1,
        "meta": Object {
          "projects": Object {
            "failed": Array [],
    -       "updated": Array [
    -         Object {
    -           "dryRun": false,
    -           "from": "build.gradle",
    -           "projectPublicId": "ddf968c2-b6a7-4edc-a8dc-334c8abc6c9f",
    -           "target": Object {
    -             "attributes": Object {
    -               "displayName": "snyk/monorepo",
    -               "isPrivate": false,
    -               "origin": "github",
    -               "remoteUrl": null,
    +       "updated": Array [],
          },
    -             "id": "af137b96-6966-46c1-826b-2e79ac49bbxx",
    -             "relationships": Object {
    -               "org": Object {
    -                 "data": Object {
    -                   "id": "af137b96-6966-46c1-826b-2e79ac49bbxx",
    -                   "type": "org",
        },
    -                 "links": Object {},
    -                 "meta": Object {},
    -               },
    -             },
    -             "type": "target",
    -           },
    -           "to": "https://app.snyk.io/org/hello/project/ddf968c2-b6a7-4edc-a8dc-334c8abc6c9f",
    -           "type": "import",
    -         },
    -         Object {
    -           "dryRun": false,
    -           "from": "package.json",
    -           "projectPublicId": "ddf968c2-b6a7-4edc-a8dc-334c8abc6c9f",
    -           "target": Object {
    -             "attributes": Object {
    -               "displayName": "snyk/monorepo",
    -               "isPrivate": false,
    -               "origin": "github",
    -               "remoteUrl": null,
    -             },
    -             "id": "af137b96-6966-46c1-826b-2e79ac49bbxx",
    -             "relationships": Object {
    -               "org": Object {
    -                 "data": Object {
    -                   "id": "af137b96-6966-46c1-826b-2e79ac49bbxx",
    -                   "type": "org",
    -                 },
    -                 "links": Object {},
    -                 "meta": Object {},
    -               },
    -             },
    -             "type": "target",
    -           },
    -           "to": "https://app.snyk.io/org/hello/project/ddf968c2-b6a7-4edc-a8dc-334c8abc6c9f",
    -           "type": "import",
    -         },
    -         Object {
    -           "dryRun": false,
    -           "from": "failure/Dockerfile",
    -           "projectPublicId": "",
    -           "target": Object {
    -             "attributes": Object {
    -               "displayName": "snyk/monorepo",
    -               "isPrivate": false,
    -               "origin": "github",
    -               "remoteUrl": null,
    -             },
    -             "id": "af137b96-6966-46c1-826b-2e79ac49bbxx",
    -             "relationships": Object {
    -               "org": Object {
    -                 "data": Object {
    -                   "id": "af137b96-6966-46c1-826b-2e79ac49bbxx",
    -                   "type": "org",
    -                 },
    -                 "links": Object {},
    -                 "meta": Object {},
    -               },
    -             },
    -             "type": "target",
    -           },
    -           "to": "",
    -           "type": "import",
    -         },
    -       ],
    -     },
    -   },
    -   "processedTargets": 1,
    +   "processedTargets": 0,
      }

    [0m [90m 905 |[39m
     [90m 906 |[39m       [90m// Assert[39m
    [31m[1m>[22m[39m[90m 907 |[39m       expect(res)[33m.[39mtoStrictEqual({
     [90m     |[39m                   [31m[1m^[22m[39m
     [90m 908 |[39m         processedTargets[33m:[39m [35m1[39m[33m,[39m
     [90m 909 |[39m         failedTargets[33m:[39m [35m0[39m[33m,[39m
     [90m 910 |[39m         meta[33m:[39m {[0m

      at Object.<anonymous> (test/scripts/sync/sync-org-projects.test.ts:907:19)

  ● updateTargets › Github Enterprise › updates several projects from the same target 1 failed 1 success

    expect(received).toStrictEqual(expected) // deep equality

    - Expected  - 61
    + Received  +  4

      Object {
    -   "failedTargets": 0,
    +   "failedTargets": 1,
        "meta": Object {
          "projects": Object {
    -       "failed": Array [
    -         Object {
    -           "dryRun": false,
    -           "errorMessage": "Failed to update project f57afea5-8fed-41d8-a8fd-d374c0944b07 via Snyk API. ERROR: Error",
    -           "from": "master",
    -           "projectPublicId": "f57afea5-8fed-41d8-a8fd-d374c0944b07",
    -           "target": Object {
    -             "attributes": Object {
    -               "displayName": "snyk/monorepo",
    -               "isPrivate": false,
    -               "origin": "github-enterprise",
    -               "remoteUrl": null,
    -             },
    -             "id": "af137b96-6966-46c1-826b-2e79ac49bbxx",
    -             "relationships": Object {
    -               "org": Object {
    -                 "data": Object {
    -                   "id": "af137b96-6966-46c1-826b-2e79ac49bbxx",
    -                   "type": "org",
    -                 },
    -                 "links": Object {},
    -                 "meta": Object {},
    -               },
    -             },
    -             "type": "target",
    -           },
    -           "to": "develop",
    -           "type": "branch",
    -         },
    -       ],
    -       "updated": Array [
    -         Object {
    -           "dryRun": false,
    -           "from": "master",
    -           "projectPublicId": "3626066d-21a7-424f-b6fc-dc0d222d8e4a",
    -           "target": Object {
    -             "attributes": Object {
    -               "displayName": "snyk/monorepo",
    -               "isPrivate": false,
    -               "origin": "github-enterprise",
    -               "remoteUrl": null,
    -             },
    -             "id": "af137b96-6966-46c1-826b-2e79ac49bbxx",
    -             "relationships": Object {
    -               "org": Object {
    -                 "data": Object {
    -                   "id": "af137b96-6966-46c1-826b-2e79ac49bbxx",
    -                   "type": "org",
    +       "failed": Array [],
    +       "updated": Array [],
          },
    -                 "links": Object {},
    -                 "meta": Object {},
    -               },
    -             },
    -             "type": "target",
        },
    -           "to": "develop",
    -           "type": "branch",
    -         },
    -       ],
    -     },
    -   },
    -   "processedTargets": 1,
    +   "processedTargets": 0,
      }

    [0m [90m 1058 |[39m
     [90m 1059 |[39m       [90m// Assert[39m
    [31m[1m>[22m[39m[90m 1060 |[39m       expect(res)[33m.[39mtoStrictEqual({
     [90m      |[39m                   [31m[1m^[22m[39m
     [90m 1061 |[39m         failedTargets[33m:[39m [35m0[39m[33m,[39m
     [90m 1062 |[39m         processedTargets[33m:[39m [35m1[39m[33m,[39m
     [90m 1063 |[39m         meta[33m:[39m {[0m

      at Object.<anonymous> (test/scripts/sync/sync-org-projects.test.ts:1060:19)

  ● updateOrgTargets › Errors › skips target if listingProjects has API error

    thrown: Object {
      "error": Object {
        "message": "Error calling Snyk api",
      },
      "statusCode": 500,
    }

    [0m [90m 1148 |[39m     })[33m;[39m
     [90m 1149 |[39m
    [31m[1m>[22m[39m[90m 1150 |[39m     it([32m'skips target if listingProjects has API error'[39m[33m,[39m [36masync[39m () [33m=>[39m {
     [90m      |[39m     [31m[1m^[22m[39m
     [90m 1151 |[39m       [36mconst[39m targets[33m:[39m [33mSnykTarget[39m[] [33m=[39m [
     [90m 1152 |[39m         {
     [90m 1153 |[39m           attributes[33m:[39m {[0m

      at test/scripts/sync/sync-org-projects.test.ts:1150:5
      at test/scripts/sync/sync-org-projects.test.ts:1129:3
      at Object.<anonymous> (test/scripts/sync/sync-org-projects.test.ts:1082:1)

  ● updateOrgTargets › Github › skips target & projects error if getting default branch fails

    thrown: Object {
      "error": Object {
        "message": "Error calling Snyk api",
      },
      "statusCode": 500,
    }

    [0m [90m 1261 |[39m     })[33m;[39m
     [90m 1262 |[39m     it[33m.[39mtodo([32m'skips extra unsupported source, but finishes supported'[39m)[33m;[39m
    [31m[1m>[22m[39m[90m 1263 |[39m     it([32m'skips target & projects error if getting default branch fails'[39m[33m,[39m [36masync[39m () [33m=>[39m {
     [90m      |[39m     [31m[1m^[22m[39m
     [90m 1264 |[39m       [90m// Arrange[39m
     [90m 1265 |[39m       [36mconst[39m targets[33m:[39m [33mSnykTarget[39m[] [33m=[39m [
     [90m 1266 |[39m         {[0m

      at test/scripts/sync/sync-org-projects.test.ts:1263:5
      at test/scripts/sync/sync-org-projects.test.ts:1216:3
      at Object.<anonymous> (test/scripts/sync/sync-org-projects.test.ts:1082:1)

  ● updateOrgTargets › Github › successfully updated several targets (dryRun mode)

    thrown: Object {
      "error": Object {
        "message": "Error calling Snyk api",
      },
      "statusCode": 500,
    }

    [0m [90m 1313 |[39m     })[33m;[39m
     [90m 1314 |[39m
    [31m[1m>[22m[39m[90m 1315 |[39m     it([32m'successfully updated several targets (dryRun mode)'[39m[33m,[39m [36masync[39m () [33m=>[39m {
     [90m      |[39m     [31m[1m^[22m[39m
     [90m 1316 |[39m       [90m// Arrange[39m
     [90m 1317 |[39m       [36mconst[39m targets[33m:[39m [33mSnykTarget[39m[] [33m=[39m [
     [90m 1318 |[39m         {[0m

      at test/scripts/sync/sync-org-projects.test.ts:1315:5
      at test/scripts/sync/sync-org-projects.test.ts:1216:3
      at Object.<anonymous> (test/scripts/sync/sync-org-projects.test.ts:1082:1)

  ● updateOrgTargets › Github Enterprise › successfully updated several targets (dryRun mode)

    thrown: Object {
      "error": Object {
        "message": "Error calling Snyk api",
      },
      "statusCode": 500,
    }

    [0m [90m 1516 |[39m       )[33m;[39m
     [90m 1517 |[39m     })[33m;[39m
    [31m[1m>[22m[39m[90m 1518 |[39m     it([32m'successfully updated several targets (dryRun mode)'[39m[33m,[39m [36masync[39m () [33m=>[39m {
     [90m      |[39m     [31m[1m^[22m[39m
     [90m 1519 |[39m       [90m// Arrange[39m
     [90m 1520 |[39m       [36mconst[39m targets[33m:[39m [33mSnykTarget[39m[] [33m=[39m [
     [90m 1521 |[39m         {[0m

      at test/scripts/sync/sync-org-projects.test.ts:1518:5
      at test/scripts/sync/sync-org-projects.test.ts:1474:3
      at Object.<anonymous> (test/scripts/sync/sync-org-projects.test.ts:1082:1)

FAIL test/lib/org.test.ts (10.362 s)
  Org notification settings
    ✕ Can change the notification settings for org (5002 ms)
    ✕ Default disables all notifications (5001 ms)
  listProjects
    ✕ Lists projects in a given Org (1 ms)
    ✓ list the projects in a given Org with filter - mock (3 ms)
  listTargets
    ✓ list the targets in a given Org without pagination - mock (2 ms)
    ✓ list the targets in a given Org with filter - mock (1 ms)
    ✓ list the targets in a given Org with pagination - mock (2 ms)
    ✓ Error if the requests fails (5 ms)

  ● Org notification settings › Can change the notification settings for org

    thrown: "Exceeded timeout of 5000 ms for a test.
    Add a timeout value to this test to increase the timeout, if this is a long-running test. See https://jestjs.io/docs/api#testname-fn-timeout."

    [0m [90m 22 |[39m     process[33m.[39menv [33m=[39m { [33m...[39m[33mOLD_ENV[39m }[33m;[39m
     [90m 23 |[39m   }[33m,[39m [35m1000[39m)[33m;[39m
    [31m[1m>[22m[39m[90m 24 |[39m   it([32m'Can change the notification settings for org'[39m[33m,[39m [36masync[39m () [33m=>[39m {
     [90m    |[39m   [31m[1m^[22m[39m
     [90m 25 |[39m     [36mconst[39m res [33m=[39m [36mawait[39m setNotificationPreferences(
     [90m 26 |[39m       requestManager[33m,[39m
     [90m 27 |[39m       [33mORG_ID[39m[33m,[39m[0m

      at test/lib/org.test.ts:24:3
      at Object.<anonymous> (test/lib/org.test.ts:14:1)

  ● Org notification settings › Default disables all notifications

    thrown: "Exceeded timeout of 5000 ms for a test.
    Add a timeout value to this test to increase the timeout, if this is a long-running test. See https://jestjs.io/docs/api#testname-fn-timeout."

    [0m [90m 39 |[39m     })[33m;[39m
     [90m 40 |[39m   }[33m,[39m [35m5000[39m)[33m;[39m
    [31m[1m>[22m[39m[90m 41 |[39m   it([32m'Default disables all notifications'[39m[33m,[39m [36masync[39m () [33m=>[39m {
     [90m    |[39m   [31m[1m^[22m[39m
     [90m 42 |[39m     [36mconst[39m res [33m=[39m [36mawait[39m setNotificationPreferences(
     [90m 43 |[39m       requestManager[33m,[39m
     [90m 44 |[39m       [33mORG_ID[39m[33m,[39m[0m

      at test/lib/org.test.ts:41:3
      at Object.<anonymous> (test/lib/org.test.ts:14:1)

  ● listProjects › Lists projects in a given Org

    thrown: Object {
      "error": Object {
        "message": "Error calling Snyk api",
      },
      "statusCode": 500,
    }

    [0m [90m 74 |[39m     process[33m.[39menv [33m=[39m { [33m...[39m[33mOLD_ENV[39m }[33m;[39m
     [90m 75 |[39m   }[33m,[39m [35m1000[39m)[33m;[39m
    [31m[1m>[22m[39m[90m 76 |[39m   it([32m'Lists projects in a given Org'[39m[33m,[39m [36masync[39m () [33m=>[39m {
     [90m    |[39m   [31m[1m^[22m[39m
     [90m 77 |[39m     [36mconst[39m res [33m=[39m [36mawait[39m listProjects(requestManager[33m,[39m [33mORG_ID[39m)[33m;[39m
     [90m 78 |[39m     expect(res)[33m.[39mtoMatchObject({
     [90m 79 |[39m       org[33m:[39m {[0m

      at test/lib/org.test.ts:76:3
      at Object.<anonymous> (test/lib/org.test.ts:66:1)

FAIL test/scripts/sync/clone-and-analyze.spec.ts
  cloneAndAnalyze
    Github
      ✕ identifies correctly the diff between files in the repo vs monitored in Snyk (defaults to OS) (374 ms)
      ✕ identifies correctly the diff between files in the repo vs monitored in Snyk (with IAC enabled) (225 ms)
      ✕ detects changes needed for a particular ecosystem (npm) (232 ms)
      ✕ no changes needed (221 ms)
      ✓ processing repository with no supported manifests > nothing to do (247 ms)
      ✓ processing empty repository with no branch throws (195 ms)
      ✕ correctly matches python files using globs (257 ms)
    Github Enterprise
      ✕ identifies correctly that all files need importing since the target is empty (43 ms)
      ✕ identifies correctly the diff between files in the repo vs monitored in Snyk (with IAC & Docker enabled) (35 ms)
      ✕ repo appears empty when entitlements not enabled (42 ms)

  ● cloneAndAnalyze › Github › identifies correctly the diff between files in the repo vs monitored in Snyk (defaults to OS)

    expect(received).toStrictEqual(expected) // deep equality

    - Expected  - 0
    + Received  + 4

      Object {
        "import": Array [
    +     "Gemfile",
          "Gemfile.lock",
    +     "bundler-app/Gemfile",
    +     "bundler-app/Gemfile.lock",
    +     "no-vulns-bundler-app/Gemfile",
        ],
        "remove": Array [],
      }

    [0m [90m 83 |[39m
     [90m 84 |[39m       [90m// Assert[39m
    [31m[1m>[22m[39m[90m 85 |[39m       expect(res)[33m.[39mtoStrictEqual({
     [90m    |[39m                   [31m[1m^[22m[39m
     [90m 86 |[39m         [36mimport[39m[33m:[39m [[32m'Gemfile.lock'[39m][33m,[39m
     [90m 87 |[39m         remove[33m:[39m [][33m,[39m
     [90m 88 |[39m       })[33m;[39m[0m

      at Object.<anonymous> (test/scripts/sync/clone-and-analyze.spec.ts:85:19)

  ● cloneAndAnalyze › Github › identifies correctly the diff between files in the repo vs monitored in Snyk (with IAC enabled)

    expect(received).toStrictEqual(expected) // deep equality

    - Expected  - 0
    + Received  + 3

      Object {
        "import": Array [
    +     "Gemfile",
          "Gemfile.lock",
    +     "bundler-app/Gemfile",
          "bundler-app/Gemfile.lock",
    +     "no-vulns-bundler-app/Gemfile",
        ],
        "remove": Array [],
      }

    [0m [90m 147 |[39m
     [90m 148 |[39m       [90m// Assert[39m
    [31m[1m>[22m[39m[90m 149 |[39m       expect(res)[33m.[39mtoStrictEqual({
     [90m     |[39m                   [31m[1m^[22m[39m
     [90m 150 |[39m         [36mimport[39m[33m:[39m [[32m'Gemfile.lock'[39m[33m,[39m [32m'bundler-app/Gemfile.lock'[39m][33m,[39m
     [90m 151 |[39m         remove[33m:[39m [][33m,[39m
     [90m 152 |[39m       })[33m;[39m[0m

      at Object.<anonymous> (test/scripts/sync/clone-and-analyze.spec.ts:149:19)

  ● cloneAndAnalyze › Github › detects changes needed for a particular ecosystem (npm)

    expect(received).toStrictEqual(expected) // deep equality

    - Expected  - 0
    + Received  + 3

    @@ -1,7 +1,10 @@
      Object {
        "import": Array [
    +     "Gemfile",
    +     "bundler-app/Gemfile",
    +     "no-vulns-bundler-app/Gemfile",
          "npm-project/package.json",
        ],
        "remove": Array [
          Object {
            "branch": "master",

    [0m [90m 223 |[39m       [90m// Assert[39m
     [90m 224 |[39m       [90m// only detects which npm project need to be brought in[39m
    [31m[1m>[22m[39m[90m 225 |[39m       expect(res)[33m.[39mtoStrictEqual({
     [90m     |[39m                   [31m[1m^[22m[39m
     [90m 226 |[39m         [36mimport[39m[33m:[39m [[32m'npm-project/package.json'[39m][33m,[39m
     [90m 227 |[39m         remove[33m:[39m [
     [90m 228 |[39m           {[0m

      at Object.<anonymous> (test/scripts/sync/clone-and-analyze.spec.ts:225:19)

  ● cloneAndAnalyze › Github › no changes needed

    expect(received).toStrictEqual(expected) // deep equality

    - Expected  - 1
    + Received  + 5

      Object {
    -   "import": Array [],
    +   "import": Array [
    +     "Gemfile",
    +     "bundler-app/Gemfile",
    +     "no-vulns-bundler-app/Gemfile",
    +   ],
        "remove": Array [],
      }

    [0m [90m 314 |[39m
     [90m 315 |[39m       [90m// Assert[39m
    [31m[1m>[22m[39m[90m 316 |[39m       expect(res)[33m.[39mtoStrictEqual({
     [90m     |[39m                   [31m[1m^[22m[39m
     [90m 317 |[39m         [36mimport[39m[33m:[39m [][33m,[39m
     [90m 318 |[39m         remove[33m:[39m [][33m,[39m
     [90m 319 |[39m       })[33m;[39m[0m

      at Object.<anonymous> (test/scripts/sync/clone-and-analyze.spec.ts:316:19)

  ● cloneAndAnalyze › Github › correctly matches python files using globs

    expect(received).toStrictEqual(expected) // deep equality

    - Expected  - 4
    + Received  + 1

      Object {
    -   "import": Array [
    -     "requirements/dev.txt",
    -     "requirements/prod.txt",
    -   ],
    +   "import": Array [],
        "remove": Array [],
      }

    [0m [90m 394 |[39m       )[33m;[39m
     [90m 395 |[39m
    [31m[1m>[22m[39m[90m 396 |[39m       expect(res)[33m.[39mtoStrictEqual({
     [90m     |[39m                   [31m[1m^[22m[39m
     [90m 397 |[39m         [36mimport[39m[33m:[39m [[32m'requirements/dev.txt'[39m[33m,[39m [32m'requirements/prod.txt'[39m][33m,[39m
     [90m 398 |[39m         remove[33m:[39m [][33m,[39m
     [90m 399 |[39m       })[33m;[39m[0m

      at Object.<anonymous> (test/scripts/sync/clone-and-analyze.spec.ts:396:19)

  ● cloneAndAnalyze › Github Enterprise › identifies correctly that all files need importing since the target is empty

    Cloning into '/tmp/snyk-clone-1761055245750-0.7764705236473426XPGHek'...
    fatal: unable to access '***********************/*************/mono-repo.git/': Could not resolve host: ghe.dev.snyk.io

    [0m [90m 42 |[39m
     [90m 43 |[39m   [36mif[39m ([33m![39msuccess) {
    [31m[1m>[22m[39m[90m 44 |[39m     [36mthrow[39m [36mnew[39m [33mError[39m(gitResponse)[33m;[39m
     [90m    |[39m           [31m[1m^[22m[39m
     [90m 45 |[39m   }
     [90m 46 |[39m
     [90m 47 |[39m   [36mif[39m ([33m![39mrepoPath) {[0m

      at cloneAndAnalyze (src/scripts/sync/clone-and-analyze.ts:44:11)
      at Object.<anonymous> (test/scripts/sync/clone-and-analyze.spec.ts:422:19)

  ● cloneAndAnalyze › Github Enterprise › identifies correctly the diff between files in the repo vs monitored in Snyk (with IAC & Docker enabled)

    Cloning into '/tmp/snyk-clone-1761055245794-0.80356140337693097b9rRQ'...
    fatal: unable to access '***********************/*************/docker-goof.git/': Could not resolve host: ghe.dev.snyk.io

    [0m [90m 42 |[39m
     [90m 43 |[39m   [36mif[39m ([33m![39msuccess) {
    [31m[1m>[22m[39m[90m 44 |[39m     [36mthrow[39m [36mnew[39m [33mError[39m(gitResponse)[33m;[39m
     [90m    |[39m           [31m[1m^[22m[39m
     [90m 45 |[39m   }
     [90m 46 |[39m
     [90m 47 |[39m   [36mif[39m ([33m![39mrepoPath) {[0m

      at cloneAndAnalyze (src/scripts/sync/clone-and-analyze.ts:44:11)
      at Object.<anonymous> (test/scripts/sync/clone-and-analyze.spec.ts:459:19)

  ● cloneAndAnalyze › Github Enterprise › repo appears empty when entitlements not enabled

    Cloning into '/tmp/snyk-clone-1761055245831-0.8115660868101637T5h9Ju'...
    fatal: unable to access '***********************/*************/docker-goof.git/': Could not resolve host: ghe.dev.snyk.io

    [0m [90m 42 |[39m
     [90m 43 |[39m   [36mif[39m ([33m![39msuccess) {
    [31m[1m>[22m[39m[90m 44 |[39m     [36mthrow[39m [36mnew[39m [33mError[39m(gitResponse)[33m;[39m
     [90m    |[39m           [31m[1m^[22m[39m
     [90m 45 |[39m   }
     [90m 46 |[39m
     [90m 47 |[39m   [36mif[39m ([33m![39mrepoPath) {[0m

      at cloneAndAnalyze (src/scripts/sync/clone-and-analyze.ts:44:11)
      at Object.<anonymous> (test/scripts/sync/clone-and-analyze.spec.ts:489:19)

FAIL test/scripts/import-projects.test.ts (155.918 s)
  Import Projects
    Import projects script
      ✕ succeeds to import targets from file for Github (10017 ms)
      ✕ succeeds to import Gitlab project from file (10006 ms)
    Import skips previously imported
      ✓ succeeds to import targets from file with import log (15009 ms)
    Skips & logs issues
      ✓ Skips any badly formatted targets (15020 ms)
      ✕ Logs failed when API errors (10026 ms)
      ✕ Logs failed projects (10011 ms)
    Error handling
      ✓ shows correct error when input can not be loaded (10011 ms)
      ✓ shows correct error when input is invalid json (10005 ms)
      ✓ shows correct error when SNYK_LOG_PATH is not set (10004 ms)
    No projects scenarios
      ✕ succeeds to complete import targets from empty repo (40014 ms)
      ✕ succeeds to complete import from repo with no supported manifests (15011 ms)

  ● Import Projects › Import projects script › succeeds to import targets from file for Github

    expect(received).toMatchObject(expected)

    Matcher error: received value must be a non-null object

    Received has value: undefined

    [0m [90m 45 |[39m       )[33m;[39m
     [90m 46 |[39m       expect(projects)[33m.[39mnot[33m.[39mtoBe([])[33m;[39m
    [31m[1m>[22m[39m[90m 47 |[39m       expect(projects[[35m0[39m])[33m.[39mtoMatchObject({
     [90m    |[39m                           [31m[1m^[22m[39m
     [90m 48 |[39m         projectUrl[33m:[39m expect[33m.[39many([33mString[39m)[33m,[39m
     [90m 49 |[39m         success[33m:[39m [36mtrue[39m[33m,[39m
     [90m 50 |[39m         targetFile[33m:[39m expect[33m.[39many([33mString[39m)[33m,[39m[0m

      at Object.<anonymous> (test/scripts/import-projects.test.ts:47:27)

  ● Import Projects › Import projects script › succeeds to import Gitlab project from file

    expect(received).toMatchObject(expected)

    Matcher error: received value must be a non-null object

    Received has value: undefined

    [0m [90m 70 |[39m
     [90m 71 |[39m       expect(projects)[33m.[39mnot[33m.[39mtoBe([])[33m;[39m
    [31m[1m>[22m[39m[90m 72 |[39m       expect(projects[[35m0[39m])[33m.[39mtoMatchObject({
     [90m    |[39m                           [31m[1m^[22m[39m
     [90m 73 |[39m         projectUrl[33m:[39m expect[33m.[39many([33mString[39m)[33m,[39m
     [90m 74 |[39m         success[33m:[39m [36mtrue[39m[33m,[39m
     [90m 75 |[39m         targetFile[33m:[39m expect[33m.[39many([33mString[39m)[33m,[39m[0m

      at Object.<anonymous> (test/scripts/import-projects.test.ts:72:27)

  ● Import Projects › Skips & logs issues › Logs failed when API errors

    ENOENT: no such file or directory, open '/home/circleci/project/test/scripts/fixtures/failed-batch-log/************************************.failed-imports.log'

    [0m [90m 182 |[39m         expect(logFile)[33m.[39mtoBeNull()[33m;[39m
     [90m 183 |[39m       }
    [31m[1m>[22m[39m[90m 184 |[39m       [36mconst[39m failedLog [33m=[39m fs[33m.[39mreadFileSync(logFiles[33m.[39mfailedImportLogPath[33m,[39m [32m'utf8'[39m)[33m;[39m
     [90m     |[39m                            [31m[1m^[22m[39m
     [90m 185 |[39m       expect(failedLog)[33m.[39mtoMatch([32m'ruby-with-versions'[39m)[33m;[39m
     [90m 186 |[39m       [90m// delete auto generated folder[39m
     [90m 187 |[39m       [36mtry[39m {[0m

      at Object.<anonymous> (test/scripts/import-projects.test.ts:184:28)

  ● Import Projects › Skips & logs issues › Logs failed projects

    ENOENT: no such file or directory, open '/home/circleci/project/test/scripts/fixtures/projects-with-errors/imported-targets.log'

    [0m [90m 200 |[39m         )[33m,[39m
     [90m 201 |[39m       )[33m;[39m
    [31m[1m>[22m[39m[90m 202 |[39m       [36mconst[39m logFile [33m=[39m fs[33m.[39mreadFileSync(logFiles[33m.[39mimportLogPath[33m,[39m [32m'utf8'[39m)[33m;[39m
     [90m     |[39m                          [31m[1m^[22m[39m
     [90m 203 |[39m       expect(logFile)[33m.[39mnot[33m.[39mtoBeNull()[33m;[39m
     [90m 204 |[39m       [36mconst[39m batchesLogFile [33m=[39m fs[33m.[39mreadFileSync(
     [90m 205 |[39m         logFiles[33m.[39mimportedBatchesLogPath[33m,[39m[0m

      at Object.<anonymous> (test/scripts/import-projects.test.ts:202:26)

  ● Import Projects › No projects scenarios › succeeds to complete import targets from empty repo

    ENOENT: no such file or directory, open '/home/circleci/project/test/scripts/fixtures/empty-target/import-job-results.log'

    [0m [90m 305 |[39m       [90m// give file a little time to be finished to be written[39m
     [90m 306 |[39m       [36mawait[39m [36mnew[39m [33mPromise[39m((r) [33m=>[39m setTimeout(r[33m,[39m [35m30000[39m))[33m;[39m
    [31m[1m>[22m[39m[90m 307 |[39m       [36mconst[39m logFile [33m=[39m fs[33m.[39mreadFileSync(logFiles[33m.[39mimportJobsLogPath[33m,[39m [32m'utf8'[39m)[33m;[39m
     [90m     |[39m                          [31m[1m^[22m[39m
     [90m 308 |[39m       expect(logFile)[33m.[39mtoMatch([32m`"status":"complete","projects":[]}`[39m)[33m;[39m
     [90m 309 |[39m       expect(logFile)[33m.[39mtoMatch(
     [90m 310 |[39m         [32m`"logs":[{"name":"api-import-circle-test/empty-repo"`[39m[33m,[39m[0m

      at Object.<anonymous> (test/scripts/import-projects.test.ts:307:26)

  ● Import Projects › No projects scenarios › succeeds to complete import from repo with no supported manifests

    ENOENT: no such file or directory, open '/home/circleci/project/test/scripts/fixtures/no-supported-manifests/import-job-results.log'

    [0m [90m 328 |[39m       [90m// give file a little time to be finished to be written[39m
     [90m 329 |[39m       [36mawait[39m [36mnew[39m [33mPromise[39m((r) [33m=>[39m setTimeout(r[33m,[39m [35m5000[39m))[33m;[39m
    [31m[1m>[22m[39m[90m 330 |[39m       [36mconst[39m logFile [33m=[39m fs[33m.[39mreadFileSync(logFiles[33m.[39mimportJobsLogPath[33m,[39m [32m'utf8'[39m)[33m;[39m
     [90m     |[39m                          [31m[1m^[22m[39m
     [90m 331 |[39m       expect(logFile)[33m.[39mtoMatch([32m`"status":"complete","projects":[]}`[39m)[33m;[39m
     [90m 332 |[39m       expect(logFile)[33m.[39mtoMatch(
     [90m 333 |[39m         [32m`"logs":[{"name":"api-import-circle-test/no-supported-manifests"`[39m[33m,[39m[0m

      at Object.<anonymous> (test/scripts/import-projects.test.ts:330:26)

FAIL test/scripts/generate-imported-targets-from-snyk.test.ts
  Generate imported targets based on Snyk data
    ✕ succeeds to generate targets for Group for Github & GHE (2 ms)
    ✕ succeeds to generate targets for Org + Gitlab (3 ms)
    ✕ succeeds to generate targets for Org + Azure (1 ms)
    ✕ succeeds to generate targets for Org + Bitbucket server (1 ms)
    ✕ succeeds to generate targets for Group for Bitbucket Cloud (1 ms)
    ✕ succeeds to generate targets for Org + Bitbucket Cloud (1 ms)
    ✎ todo One org failed to be processed
  projectToTarget
    ✓ succeed to convert Github / Gitlab project name to target (1 ms)
    ✓ succeed to convert Github / Gitlab project name to target with branch in the name
    ✓ succeed to convert GCR project name to target
    ✓ succeed to convert Azure project name to target (1 ms)
    ✓ succeed to convert Bitbucket server project name to target (1 ms)

  ● Generate imported targets based on Snyk data › succeeds to generate targets for Group for Github & GHE

    thrown: Object {
      "error": Object {
        "message": "Error calling Snyk api",
      },
      "statusCode": 500,
    }

    [0m [90m 30 |[39m   })[33m;[39m
     [90m 31 |[39m
    [31m[1m>[22m[39m[90m 32 |[39m   it([32m'succeeds to generate targets for Group for Github & GHE'[39m[33m,[39m [36masync[39m () [33m=>[39m {
     [90m    |[39m   [31m[1m^[22m[39m
     [90m 33 |[39m     [36mconst[39m logFiles [33m=[39m generateLogsPaths(__dirname[33m,[39m [33mORG_ID[39m)[33m;[39m
     [90m 34 |[39m     logs [33m=[39m [33mObject[39m[33m.[39mvalues(logFiles)[33m;[39m
     [90m 35 |[39m     [36mconst[39m { targets[33m,[39m failedOrgs[33m,[39m fileName } [33m=[39m [36mawait[39m generateSnykImportedTargets([0m

      at test/scripts/generate-imported-targets-from-snyk.test.ts:32:3
      at Object.<anonymous> (test/scripts/generate-imported-targets-from-snyk.test.ts:20:1)

  ● Generate imported targets based on Snyk data › succeeds to generate targets for Org + Gitlab

    expect(received).toEqual(expected) // deep equality

    - Expected  - 1
    + Received  + 5

    - Array []
    + Array [
    +   Object {
    +     "id": "************************************",
    +   },
    + ]

    [0m [90m 67 |[39m       [[33mSupportedIntegrationTypesToListSnykTargets[39m[33m.[39m[33mGITHUB[39m][33m,[39m
     [90m 68 |[39m     )[33m;[39m
    [31m[1m>[22m[39m[90m 69 |[39m     expect(failedOrgs)[33m.[39mtoEqual([])[33m;[39m
     [90m    |[39m                        [31m[1m^[22m[39m
     [90m 70 |[39m     expect(fileName)[33m.[39mtoEqual(path[33m.[39mresolve(__dirname[33m,[39m [33mIMPORT_LOG_NAME[39m))[33m;[39m
     [90m 71 |[39m     expect(targets[[35m0[39m])[33m.[39mtoMatchObject({
     [90m 72 |[39m       integrationId[33m:[39m expect[33m.[39many([33mString[39m)[33m,[39m[0m

      at Object.<anonymous> (test/scripts/generate-imported-targets-from-snyk.test.ts:69:24)

  ● Generate imported targets based on Snyk data › succeeds to generate targets for Org + Azure

    expect(received).toEqual(expected) // deep equality

    - Expected  - 1
    + Received  + 5

    - Array []
    + Array [
    +   Object {
    +     "id": "************************************",
    +   },
    + ]

    [0m [90m 93 |[39m       [[33mSupportedIntegrationTypesToListSnykTargets[39m[33m.[39m[33mAZURE_REPOS[39m][33m,[39m
     [90m 94 |[39m     )[33m;[39m
    [31m[1m>[22m[39m[90m 95 |[39m     expect(failedOrgs)[33m.[39mtoEqual([])[33m;[39m
     [90m    |[39m                        [31m[1m^[22m[39m
     [90m 96 |[39m     expect(fileName)[33m.[39mtoEqual(path[33m.[39mresolve(__dirname[33m,[39m [33mIMPORT_LOG_NAME[39m))[33m;[39m
     [90m 97 |[39m     expect(targets[[35m0[39m])[33m.[39mtoMatchObject({
     [90m 98 |[39m       integrationId[33m:[39m expect[33m.[39many([33mString[39m)[33m,[39m[0m

      at Object.<anonymous> (test/scripts/generate-imported-targets-from-snyk.test.ts:95:24)

  ● Generate imported targets based on Snyk data › succeeds to generate targets for Org + Bitbucket server

    expect(received).toEqual(expected) // deep equality

    - Expected  - 1
    + Received  + 5

    - Array []
    + Array [
    +   Object {
    +     "id": "************************************",
    +   },
    + ]

    [0m [90m 119 |[39m       [[33mSupportedIntegrationTypesToListSnykTargets[39m[33m.[39m[33mBITBUCKET_SERVER[39m][33m,[39m
     [90m 120 |[39m     )[33m;[39m
    [31m[1m>[22m[39m[90m 121 |[39m     expect(failedOrgs)[33m.[39mtoEqual([])[33m;[39m
     [90m     |[39m                        [31m[1m^[22m[39m
     [90m 122 |[39m     expect(fileName)[33m.[39mtoEqual(path[33m.[39mresolve(__dirname[33m,[39m [33mIMPORT_LOG_NAME[39m))[33m;[39m
     [90m 123 |[39m     expect(targets[[35m0[39m])[33m.[39mtoMatchObject({
     [90m 124 |[39m       integrationId[33m:[39m expect[33m.[39many([33mString[39m)[33m,[39m[0m

      at Object.<anonymous> (test/scripts/generate-imported-targets-from-snyk.test.ts:121:24)

  ● Generate imported targets based on Snyk data › succeeds to generate targets for Group for Bitbucket Cloud

    thrown: Object {
      "error": Object {
        "message": "Error calling Snyk api",
      },
      "statusCode": 500,
    }

    [0m [90m 137 |[39m   }[33m,[39m [35m240000[39m)[33m;[39m
     [90m 138 |[39m
    [31m[1m>[22m[39m[90m 139 |[39m   it([32m'succeeds to generate targets for Group for Bitbucket Cloud'[39m[33m,[39m [36masync[39m () [33m=>[39m {
     [90m     |[39m   [31m[1m^[22m[39m
     [90m 140 |[39m     [36mconst[39m logFiles [33m=[39m generateLogsPaths(__dirname[33m,[39m [33mORG_ID[39m)[33m;[39m
     [90m 141 |[39m     logs [33m=[39m [33mObject[39m[33m.[39mvalues(logFiles)[33m;[39m
     [90m 142 |[39m     [36mconst[39m { targets[33m,[39m failedOrgs[33m,[39m fileName } [33m=[39m [36mawait[39m generateSnykImportedTargets([0m

      at test/scripts/generate-imported-targets-from-snyk.test.ts:139:3
      at Object.<anonymous> (test/scripts/generate-imported-targets-from-snyk.test.ts:20:1)

  ● Generate imported targets based on Snyk data › succeeds to generate targets for Org + Bitbucket Cloud

    expect(received).toEqual(expected) // deep equality

    - Expected  - 1
    + Received  + 5

    - Array []
    + Array [
    +   Object {
    +     "id": "************************************",
    +   },
    + ]

    [0m [90m 170 |[39m       [[33mSupportedIntegrationTypesToListSnykTargets[39m[33m.[39m[33mBITBUCKET_CLOUD[39m][33m,[39m
     [90m 171 |[39m     )[33m;[39m
    [31m[1m>[22m[39m[90m 172 |[39m     expect(failedOrgs)[33m.[39mtoEqual([])[33m;[39m
     [90m     |[39m                        [31m[1m^[22m[39m
     [90m 173 |[39m     expect(fileName)[33m.[39mtoEqual(path[33m.[39mresolve(__dirname[33m,[39m [33mIMPORT_LOG_NAME[39m))[33m;[39m
     [90m 174 |[39m     expect(targets[[35m0[39m])[33m.[39mtoMatchObject({
     [90m 175 |[39m       integrationId[33m:[39m expect[33m.[39many([33mString[39m)[33m,[39m[0m

      at Object.<anonymous> (test/scripts/generate-imported-targets-from-snyk.test.ts:172:24)

FAIL test/scripts/generate-targets-data.test.ts (71.677 s)
  generateTargetsImportDataFile Github script
    ✕ generate Github repo data (20003 ms)
    ✕ generate Github Enterprise repo data (20002 ms)
    ✓ generate Github repo data when no integrations are available (3 ms)
    ✕ Duplicate orgs are ignored (30001 ms)
  generateTargetsImportDataFile Gitlab script
    ✓ generate Gitlab repo data (836 ms)
    ✓ generate Gitlab repo data when no integrations are available (4 ms)
    ✓ Duplicate orgs are ignored (484 ms)

  ● generateTargetsImportDataFile Github script › generate Github repo data

    thrown: "Exceeded timeout of 20000 ms for a test.
    Add a timeout value to this test to increase the timeout, if this is a long-running test. See https://jestjs.io/docs/api#testname-fn-timeout."

    [0m [90m 14 |[39m     [36mawait[39m deleteFiles(filesToDelete)[33m;[39m
     [90m 15 |[39m   })[33m;[39m
    [31m[1m>[22m[39m[90m 16 |[39m   it([32m'generate Github repo data'[39m[33m,[39m [36masync[39m () [33m=>[39m {
     [90m    |[39m   [31m[1m^[22m[39m
     [90m 17 |[39m     filesToDelete[33m.[39mpush(
     [90m 18 |[39m       path[33m.[39mresolve(__dirname [33m+[39m [32m'/github-enterprise-import-targets.json'[39m)[33m,[39m
     [90m 19 |[39m     )[33m;[39m[0m

      at test/scripts/generate-targets-data.test.ts:16:3
      at Object.<anonymous> (test/scripts/generate-targets-data.test.ts:8:1)

  ● generateTargetsImportDataFile Github script › generate Github Enterprise repo data

    thrown: "Exceeded timeout of 20000 ms for a test.
    Add a timeout value to this test to increase the timeout, if this is a long-running test. See https://jestjs.io/docs/api#testname-fn-timeout."

    [0m [90m 50 |[39m   }[33m,[39m [35m20000[39m)[33m;[39m
     [90m 51 |[39m
    [31m[1m>[22m[39m[90m 52 |[39m   it([32m'generate Github Enterprise repo data'[39m[33m,[39m [36masync[39m () [33m=>[39m {
     [90m    |[39m   [31m[1m^[22m[39m
     [90m 53 |[39m     process[33m.[39menv[33m.[39m[33mGITHUB_TOKEN[39m [33m=[39m process[33m.[39menv[33m.[39m[33mTEST_GHE_TOKEN[39m[33m;[39m
     [90m 54 |[39m     [36mconst[39m [33mGHE_URL[39m [33m=[39m process[33m.[39menv[33m.[39m[33mTEST_GHE_URL[39m[33m;[39m
     [90m 55 |[39m     filesToDelete[33m.[39mpush([0m

      at test/scripts/generate-targets-data.test.ts:52:3
      at Object.<anonymous> (test/scripts/generate-targets-data.test.ts:8:1)

  ● generateTargetsImportDataFile Github script › Duplicate orgs are ignored

    thrown: "Exceeded timeout of 30000 ms for a test.
    Add a timeout value to this test to increase the timeout, if this is a long-running test. See https://jestjs.io/docs/api#testname-fn-timeout."

    [0m [90m 110 |[39m     )[33m;[39m
     [90m 111 |[39m   }[33m,[39m [35m30000[39m)[33m;[39m
    [31m[1m>[22m[39m[90m 112 |[39m   it([32m'Duplicate orgs are ignored'[39m[33m,[39m [36masync[39m () [33m=>[39m {
     [90m     |[39m   [31m[1m^[22m[39m
     [90m 113 |[39m     filesToDelete[33m.[39mpush(path[33m.[39mresolve(__dirname [33m+[39m [32m'/github-import-targets.json'[39m))[33m;[39m
     [90m 114 |[39m     [36mconst[39m orgsData[33m:[39m [33mCreatedOrg[39m[] [33m=[39m [
     [90m 115 |[39m       {[0m

      at test/scripts/generate-targets-data.test.ts:112:3
      at Object.<anonymous> (test/scripts/generate-targets-data.test.ts:8:1)

FAIL test/system/list:imported.test.ts (46.972 s)
  `snyk-api-import list:imported <...>`
    ✕ Shows help text as expected (407 ms)
    ✕ Generates Snyk imported targets data as expected for github + Group (20001 ms)
    ✕ Generates Snyk imported targets data as expected for all integrations by default for an Org (6441 ms)
    ✕ Generates Snyk imported targets data as expected for multiple integrations for an Org (6489 ms)
    ✕ Generates Snyk imported targets data as expected for an Org (6428 ms)
    ✓ Shows error when missing groupId & orgId (3499 ms)
    ✓ Shows error when both groupId & orgId provided (3408 ms)

  ● `snyk-api-import list:imported <...>` › Shows help text as expected

    expect(received).toMatchInlineSnapshot(snapshot)

    Snapshot name: `\`snyk-api-import list:imported <...>\` Shows help text as expected 1`

    - Snapshot  - 4
    + Received  + 5

    @@ -15,10 +15,11 @@
        --integrationType  The configured integration type (source of the projects in
                           Snyk e.g. Github, Github Enterprise.). This will be used to
                           pick the correct integrationID from each org in Snyk E.g.
                           --integrationType=github,
                           --integrationType=github-enterprise
    -    [required] [choices: "github", "github-enterprise", "bitbucket-cloud", "gcr",
    -             "docker-hub", "gitlab", "azure-repos", "bitbucket-server"] [default:
    +          [required] [choices: "github", "github-cloud-app", "github-enterprise",
    +                 "bitbucket-cloud", "gcr", "docker-hub", "gitlab", "azure-repos",
    +                                                    "bitbucket-server"] [default:
    -   ["github","github-enterprise","bitbucket-cloud","gcr","docker-hub","gitlab","a
    +   ["github","github-cloud-app","github-enterprise","bitbucket-cloud","gcr","dock
    -                                                 zure-repos","bitbucket-server"]]
    +                              er-hub","gitlab","azure-repos","bitbucket-server"]]
      "

    [0m [90m 20 |[39m       }
     [90m 21 |[39m       expect(err)[33m.[39mtoBeNull()[33m;[39m
    [31m[1m>[22m[39m[90m 22 |[39m       expect(stdout)[33m.[39mtoMatchInlineSnapshot([32m`[39m
     [90m    |[39m                      [31m[1m^[22m[39m
     [90m 23 |[39m [32m        "index.js list:imported[39m
     [90m 24 |[39m [32m[39m
     [90m 25 |[39m [32m        List all targets imported in Snyk for a given group & source type. An analysis[39m[0m

      at test/system/list:imported.test.ts:22:22

  ● `snyk-api-import list:imported <...>` › Generates Snyk imported targets data as expected for github + Group

    expect(received).toEqual(expected) // deep equality

    Expected: 0
    Received: 1

    [0m [90m 81 |[39m       }[33m,[39m
     [90m 82 |[39m     )[33m.[39mon([32m'exit'[39m[33m,[39m (code) [33m=>[39m {
    [31m[1m>[22m[39m[90m 83 |[39m       expect(code)[33m.[39mtoEqual([35m0[39m)[33m;[39m
     [90m    |[39m                    [31m[1m^[22m[39m
     [90m 84 |[39m       done()[33m;[39m
     [90m 85 |[39m     })[33m;[39m
     [90m 86 |[39m   }[33m,[39m [35m20000[39m)[33m;[39m[0m

      at ChildProcess.<anonymous> (test/system/list:imported.test.ts:83:20)

  ● `snyk-api-import list:imported <...>` › Generates Snyk imported targets data as expected for github + Group

    thrown: "Exceeded timeout of 20000 ms for a test while waiting for `done()` to be called.
    Add a timeout value to this test to increase the timeout, if this is a long-running test. See https://jestjs.io/docs/api#testname-fn-timeout."

    [0m [90m 52 |[39m   }[33m,[39m [35m20000[39m)[33m;[39m
     [90m 53 |[39m
    [31m[1m>[22m[39m[90m 54 |[39m   it([32m'Generates Snyk imported targets data as expected for github + Group'[39m[33m,[39m (done) [33m=>[39m {
     [90m    |[39m   [31m[1m^[22m[39m
     [90m 55 |[39m     exec(
     [90m 56 |[39m       [32m`node ${main} list:imported --integrationType=github --groupId=${GROUP_ID}`[39m[33m,[39m
     [90m 57 |[39m       {[0m

      at test/system/list:imported.test.ts:54:3
      at Object.<anonymous> (test/system/list:imported.test.ts:8:1)

  ● `snyk-api-import list:imported <...>` › Generates Snyk imported targets data as expected for all integrations by default for an Org

    expect(received).toEqual(expected) // deep equality

    Expected: ""
    Received: "app.dev.snyk.io seems invalid and should look like https://api.snyk.io or https://api.<REGION>.snyk.io.
    Failed to process projects for organization ************************************. Continuing.
    No targets could be generated. Could the organization ************************************ be empty?
    Failed to process the following orgs: ************************************
    "

    [0m [90m 101 |[39m           [36mthrow[39m err[33m;[39m
     [90m 102 |[39m         }
    [31m[1m>[22m[39m[90m 103 |[39m         expect(stderr)[33m.[39mtoEqual([32m''[39m)[33m;[39m
     [90m     |[39m                        [31m[1m^[22m[39m
     [90m 104 |[39m         expect(err)[33m.[39mtoBeNull()[33m;[39m
     [90m 105 |[39m         expect(stdout[33m.[39mtrim())[33m.[39mtoMatch(
     [90m 106 |[39m           [32m`target(s). Written the data to file: ${path.resolve([39m[0m

      at test/system/list:imported.test.ts:103:24

  ● `snyk-api-import list:imported <...>` › Generates Snyk imported targets data as expected for multiple integrations for an Org

    expect(received).toEqual(expected) // deep equality

    Expected: ""
    Received: "app.dev.snyk.io seems invalid and should look like https://api.snyk.io or https://api.<REGION>.snyk.io.
    Failed to process projects for organization ************************************. Continuing.
    No targets could be generated. Could the organization ************************************ be empty?
    Failed to process the following orgs: ************************************
    "

    [0m [90m 132 |[39m           [36mthrow[39m err[33m;[39m
     [90m 133 |[39m         }
    [31m[1m>[22m[39m[90m 134 |[39m         expect(stderr)[33m.[39mtoEqual([32m''[39m)[33m;[39m
     [90m     |[39m                        [31m[1m^[22m[39m
     [90m 135 |[39m         expect(err)[33m.[39mtoBeNull()[33m;[39m
     [90m 136 |[39m         expect(stdout[33m.[39mtrim())[33m.[39mtoMatch(
     [90m 137 |[39m           [32m`target(s). Written the data to file: ${path.resolve([39m[0m

      at test/system/list:imported.test.ts:134:24

  ● `snyk-api-import list:imported <...>` › Generates Snyk imported targets data as expected for an Org

    expect(received).toEqual(expected) // deep equality

    Expected: ""
    Received: "app.dev.snyk.io seems invalid and should look like https://api.snyk.io or https://api.<REGION>.snyk.io.
    Failed to process projects for organization ************************************. Continuing.
    No targets could be generated. Could the organization ************************************ be empty?
    Failed to process the following orgs: ************************************
    "

    [0m [90m 163 |[39m           [36mthrow[39m err[33m;[39m
     [90m 164 |[39m         }
    [31m[1m>[22m[39m[90m 165 |[39m         expect(stderr)[33m.[39mtoEqual([32m''[39m)[33m;[39m
     [90m     |[39m                        [31m[1m^[22m[39m
     [90m 166 |[39m         expect(err)[33m.[39mtoBeNull()[33m;[39m
     [90m 167 |[39m         expect(stdout[33m.[39mtrim())[33m.[39mtoMatch(
     [90m 168 |[39m           [32m`repo(s). Written the data to file: ${path.resolve([39m[0m

      at test/system/list:imported.test.ts:165:24

 › 1 snapshot failed.
FAIL test/scripts/generate-org-data.test.ts (5.995 s)
  generateOrgImportDataFile Github script
    ✓ generate Github Orgs data (116 ms)
    ✕ generate Github Orgs data and skips empty orgs (287 ms)
    ✓ generate Github Orgs data without sourceOrgId (109 ms)
    ✓ throws an error when Github Enterprise Server Orgs requested without sourceUrl (4 ms)
    ✕ generate Github Enterprise Orgs data (37 ms)
    ✕ generate Github Enterprise Orgs data & skips empty Orgs (22 ms)
  generateOrgImportDataFile Gitlab script
    ✓ generate Gitlab Orgs data (1104 ms)
    ✓ generate Gitlab Orgs data and skips empty orgs (2647 ms)
    ✓ generate Gitlab Orgs data without sourceOrgId (932 ms)
    ✓ throws an error when Gitlab Orgs requested without valid token (4 ms)
  generateOrgImportDataFile Bitbucket Cloud script
    ✕ generate Bitbucket Cloud Orgs data (339 ms)
    ✓ Bitbucket cloud script to fail on bad credentials (3 ms)

  ● generateOrgImportDataFile Github script › generate Github Orgs data and skips empty orgs

    expect(received).toBeTruthy()

    Received: false

    [0m [90m 49 |[39m     )[33m;[39m
     [90m 50 |[39m     expect(res[33m.[39mfileName)[33m.[39mtoEqual([32m'group-groupIdExample-github-com-orgs.json'[39m)[33m;[39m
    [31m[1m>[22m[39m[90m 51 |[39m     expect(res[33m.[39morgs[33m.[39mlength [33m>[39m [35m0[39m)[33m.[39mtoBeTruthy()[33m;[39m
     [90m    |[39m                                 [31m[1m^[22m[39m
     [90m 52 |[39m     expect(res[33m.[39mskippedEmptyOrgs[33m.[39mlength)[33m.[39mtoBeGreaterThanOrEqual([35m0[39m)[33m;[39m
     [90m 53 |[39m     expect(res[33m.[39morgs[[35m0[39m])[33m.[39mtoEqual({
     [90m 54 |[39m       name[33m:[39m expect[33m.[39many([33mString[39m)[33m,[39m[0m

      at Object.<anonymous> (test/scripts/generate-org-data.test.ts:51:33)

  ● generateOrgImportDataFile Github script › generate Github Enterprise Orgs data

    HttpError: Unknown Error

      at node_modules/@octokit/request/dist-bundle/index.js:76:26
      at Generator.call (node_modules/@octokit/request/dist-bundle/index.js:2:1)
      at Generator._invoke [as throw] (node_modules/@octokit/request/dist-bundle/index.js:2:1)
      at asyncGeneratorStep (node_modules/@octokit/request/dist-bundle/index.js:2:1)
      at asyncGeneratorStep (node_modules/@octokit/request/dist-bundle/index.js:2:1)

    Cause:
    TypeError: fetch failed



    Cause:
    getaddrinfo ENOTFOUND ghe.dev.snyk.io



  ● generateOrgImportDataFile Github script › generate Github Enterprise Orgs data & skips empty Orgs

    HttpError: Unknown Error

      at node_modules/@octokit/request/dist-bundle/index.js:76:26
      at Generator.call (node_modules/@octokit/request/dist-bundle/index.js:2:1)
      at Generator._invoke [as throw] (node_modules/@octokit/request/dist-bundle/index.js:2:1)
      at asyncGeneratorStep (node_modules/@octokit/request/dist-bundle/index.js:2:1)
      at asyncGeneratorStep (node_modules/@octokit/request/dist-bundle/index.js:2:1)

    Cause:
    TypeError: fetch failed



    Cause:
    getaddrinfo ENOTFOUND ghe.dev.snyk.io



  ● generateOrgImportDataFile Bitbucket Cloud script › generate Bitbucket Cloud Orgs data

    {}

    [0m [90m 41 |[39m       pageCount[33m++[39m[33m;[39m
     [90m 42 |[39m     } [36mcatch[39m (err) {
    [31m[1m>[22m[39m[90m 43 |[39m       [36mthrow[39m [36mnew[39m [33mError[39m([33mJSON[39m[33m.[39mstringify(err))[33m;[39m
     [90m    |[39m             [31m[1m^[22m[39m
     [90m 44 |[39m     }
     [90m 45 |[39m   }
     [90m 46 |[39m   [36mreturn[39m workspacesList[33m;[39m[0m

      at fetchAllWorkspaces (src/lib/source-handlers/bitbucket-cloud/list-workspaces.ts:43:13)
      at Object.listBitbucketCloudWorkspaces [as bitbucket-cloud] (src/lib/source-handlers/bitbucket-cloud/list-workspaces.ts:93:22)
      at generateOrgImportDataFile (src/scripts/generate-org-data.ts:89:28)
      at Object.<anonymous> (test/scripts/generate-org-data.test.ts:246:17)

FAIL test/system/sync.test.ts
  `snyk-api-import sync <...>`
    ✕ Shows help text as expected (2 ms)
    ✕ fails when given a bad/non-existent org ID `123456789` (1 ms)
    ✕ fails when several sources are provided (2 ms)
    ✕ throws an error for an unsupported SCM like Bitbucket Server (2 ms)
    ✕ Throws an error for if source auth details are not provided (2 ms)
    ✕ Successfully generates synced logs in --dryRun mode (1 ms)

  ● `snyk-api-import sync <...>` › Shows help text as expected

    TypeError: Cannot read properties of undefined (reading 'on')

    [0m [90m 56 |[39m         [32m'Sync targets (e.g. repos) and their projects between Snyk and SCM for a given'[39m[33m,[39m
     [90m 57 |[39m       )[33m;[39m
    [31m[1m>[22m[39m[90m 58 |[39m     })[33m.[39mon([32m'exit'[39m[33m,[39m (code) [33m=>[39m {
     [90m    |[39m       [31m[1m^[22m[39m
     [90m 59 |[39m       expect(code)[33m.[39mtoEqual([35m0[39m)[33m;[39m
     [90m 60 |[39m       done()[33m;[39m
     [90m 61 |[39m     })[33m;[39m[0m

      at Object.<anonymous> (test/system/sync.test.ts:58:7)

  ● `snyk-api-import sync <...>` › fails when given a bad/non-existent org ID `123456789`

    TypeError: Cannot read properties of undefined (reading 'on')

    [0m [90m 89 |[39m         expect(stdout)[33m.[39mtoMatch([32m'Running sync for github projects in org'[39m)[33m;[39m
     [90m 90 |[39m       }[33m,[39m
    [31m[1m>[22m[39m[90m 91 |[39m     )[33m.[39mon([32m'exit'[39m[33m,[39m (code) [33m=>[39m {
     [90m    |[39m      [31m[1m^[22m[39m
     [90m 92 |[39m       expect(code)[33m.[39mtoEqual([35m1[39m)[33m;[39m
     [90m 93 |[39m       done()[33m;[39m
     [90m 94 |[39m     })[33m;[39m[0m

      at Object.<anonymous> (test/system/sync.test.ts:91:6)

  ● `snyk-api-import sync <...>` › fails when several sources are provided

    TypeError: Cannot read properties of undefined (reading 'on')

    [0m [90m 117 |[39m         expect(stdout)[33m.[39mtoMatch([32m''[39m)[33m;[39m
     [90m 118 |[39m       }[33m,[39m
    [31m[1m>[22m[39m[90m 119 |[39m     )[33m.[39mon([32m'exit'[39m[33m,[39m (code) [33m=>[39m {
     [90m     |[39m      [31m[1m^[22m[39m
     [90m 120 |[39m       expect(code)[33m.[39mtoEqual([35m1[39m)[33m;[39m
     [90m 121 |[39m       done()[33m;[39m
     [90m 122 |[39m     })[33m;[39m[0m

      at Object.<anonymous> (test/system/sync.test.ts:119:6)

  ● `snyk-api-import sync <...>` › throws an error for an unsupported SCM like Bitbucket Server

    TypeError: Cannot read properties of undefined (reading 'on')

    [0m [90m 142 |[39m         )[33m;[39m
     [90m 143 |[39m       }[33m,[39m
    [31m[1m>[22m[39m[90m 144 |[39m     )[33m.[39mon([32m'exit'[39m[33m,[39m (code) [33m=>[39m {
     [90m     |[39m      [31m[1m^[22m[39m
     [90m 145 |[39m       expect(code)[33m.[39mtoEqual([35m1[39m)[33m;[39m
     [90m 146 |[39m       done()[33m;[39m
     [90m 147 |[39m     })[33m;[39m[0m

      at Object.<anonymous> (test/system/sync.test.ts:144:6)

  ● `snyk-api-import sync <...>` › Throws an error for if source auth details are not provided

    TypeError: Cannot read properties of undefined (reading 'on')

    [0m [90m 175 |[39m         expect(stdout)[33m.[39mtoMatch([32m'Running sync for github projects in org'[39m)[33m;[39m
     [90m 176 |[39m       }[33m,[39m
    [31m[1m>[22m[39m[90m 177 |[39m     )[33m.[39mon([32m'exit'[39m[33m,[39m (code) [33m=>[39m {
     [90m     |[39m      [31m[1m^[22m[39m
     [90m 178 |[39m       expect(code)[33m.[39mtoEqual([35m1[39m)[33m;[39m
     [90m 179 |[39m       done()[33m;[39m
     [90m 180 |[39m     })[33m;[39m[0m

      at Object.<anonymous> (test/system/sync.test.ts:177:6)

  ● `snyk-api-import sync <...>` › Successfully generates synced logs in --dryRun mode

    TypeError: Cannot read properties of undefined (reading 'on')

    [0m [90m 213 |[39m         deleteFiles([updatedLog])[33m;[39m
     [90m 214 |[39m       }[33m,[39m
    [31m[1m>[22m[39m[90m 215 |[39m     )[33m.[39mon([32m'exit'[39m[33m,[39m (code) [33m=>[39m {
     [90m     |[39m      [31m[1m^[22m[39m
     [90m 216 |[39m       expect(code)[33m.[39mtoEqual([35m0[39m)[33m;[39m
     [90m 217 |[39m       done()[33m;[39m
     [90m 218 |[39m     })[33m;[39m[0m

      at Object.<anonymous> (test/system/sync.test.ts:215:6)

FAIL test/system/orgs:create.test.ts (50.247 s)
  `snyk-api-import help <...>`
    ✓ Shows help text as expected (421 ms)
    ✓ Fails to create an org as expected for non existing group ID `abc` (4892 ms)
    ✓ Fails to create an org as expected for non existing group ID `abc` file not in the same location as logs (4685 ms)
    ✕ Fails to create orgs in --noDuplicateNames mode when org already exists  (40001 ms)

  ● `snyk-api-import help <...>` › Fails to create orgs in --noDuplicateNames mode when org already exists

    expect(received).toContain(expected) // indexOf

    Expected substring: "Refusing to create a duplicate organization"
    Received string:    "{\"origName\":\"***************************\",\"groupId\":\"************************************\",\"msg\":\"Failed to create org\",\"time\":\"2025-10-21T14:05:42.607Z\",\"v\":0}"

    [0m [90m 152 |[39m         [32m'utf8'[39m[33m,[39m
     [90m 153 |[39m       )[33m;[39m
    [31m[1m>[22m[39m[90m 154 |[39m       expect(file)[33m.[39mtoContain([32m'Refusing to create a duplicate organization'[39m)[33m;[39m
     [90m     |[39m                    [31m[1m^[22m[39m
     [90m 155 |[39m       deleteFiles([
     [90m 156 |[39m         path[33m.[39mresolve(logPath[33m,[39m [32m`${GROUP_ID}.${FAILED_ORG_LOG_NAME}`[39m)[33m,[39m
     [90m 157 |[39m       ])[33m;[39m[0m

      at ChildProcess.<anonymous> (test/system/orgs:create.test.ts:154:20)

  ● `snyk-api-import help <...>` › Fails to create orgs in --noDuplicateNames mode when org already exists

    thrown: "Exceeded timeout of 40000 ms for a test while waiting for `done()` to be called.
    Add a timeout value to this test to increase the timeout, if this is a long-running test. See https://jestjs.io/docs/api#testname-fn-timeout."

    [0m [90m 119 |[39m   }[33m,[39m [35m40000[39m)[33m;[39m
     [90m 120 |[39m
    [31m[1m>[22m[39m[90m 121 |[39m   it([32m'Fails to create orgs in --noDuplicateNames mode when org already exists '[39m[33m,[39m (done) [33m=>[39m {
     [90m     |[39m   [31m[1m^[22m[39m
     [90m 122 |[39m     [36mconst[39m pathToBadJson [33m=[39m path[33m.[39mresolve(
     [90m 123 |[39m       __dirname [33m+[39m
     [90m 124 |[39m         [32m'/fixtures/create-orgs/fails-to-create/already-exists/1-org.json'[39m[33m,[39m[0m

      at test/system/orgs:create.test.ts:121:3
      at Object.<anonymous> (test/system/orgs:create.test.ts:8:1)

PASS test/unit/scripts/import-projects.test.ts
  filterOutImportedTargets
    ✓ filterOutImportedTargets skips Gitlab targets with ID as expected (6 ms)
    ✓ filterOutImportedTargets skips Gitlab targets without ID as expected (4 ms)
    ✓ filterOutImportedTargets returns all Gitlab targets when no import log found (1 ms)
    ✓ filterOutImportedTargets skips Bitbucket Server targets with projectKey and repoSlug as expected (9 ms)
    ✓ filterOutImportedTargets returns all Bitbucket Server targets when no import log found (1 ms)
    ✓ filterOutImportedTargets skips Bitbucket Cloud targets with name, owner and branch as expected (4 ms)
    ✓ filterOutImportedTargets skips Bitbucket cloud targets without owner as expected (3 ms)
    ✓ filterOutImportedTargets returns all Bitbucket Cloud targets when no import log found (1 ms)

PASS test/lib/import-projects.test.ts
  Skip target if found in log
    ✓ Target and empty log should not be skipped (9 ms)
    ✓ Trying to parse without a log name should throw (1 ms)
    ✓ Target already in log twice should be skipped (3 ms)
    ✓ Target not in log should not be skipped (3 ms)
    ✓ Target with extra meta but already in log should be skipped (3 ms)
    ✓ Same target but for different org should not be skipped (3 ms)
    ✓ Gitlab target with repo ID should be skipped (3 ms)
  importTarget()
    ✓ Target is always sanitized (3 ms)

FAIL test/system/import:data.test.ts (56.595 s)
  `snyk-api-import import:data <...>`
    ✕ Shows help text as expected (401 ms)
    ✓ Generates repo data as expected for Gitlab (1578 ms)
    ✓ Generates repo data as expected for Bitbucket Server (891 ms)
    ✕ Generates repo data as expected for Bitbucket Cloud (50002 ms)
    ✓ Shows error when missing loading non existent file (3473 ms)

  ● `snyk-api-import import:data <...>` › Shows help text as expected

    expect(received).toMatchInlineSnapshot(snapshot)

    Snapshot name: `\`snyk-api-import import:data <...>\` Shows help text as expected 1`

    - Snapshot  - 2
    + Received  + 3

    @@ -10,9 +10,10 @@
        --orgsData   Path to organizations data file generated with "orgs:create"
                     command                                                [required]
        --source     The source of the targets to be imported e.g. Github, Github
                     Enterprise, Gitlab, Azure. This will be used to make an API call
                     to list all available entities per org
    -     [required] [choices: "github", "github-enterprise", "gitlab", "azure-repos",
    -                       "bitbucket-server", "bitbucket-cloud"] [default: "github"]
    +          [required] [choices: "github", "github-cloud-app", "github-enterprise",
    +        "gitlab", "azure-repos", "bitbucket-server", "bitbucket-cloud"] [default:
    +                                                                        "github"]
        --sourceUrl  Custom base url for the source API that can list organizations
                     (e.g. Github Enterprise url)"

    [0m [90m 26 |[39m         expect(err)[33m.[39mtoBeNull()[33m;[39m
     [90m 27 |[39m         expect(stderr)[33m.[39mtoEqual([32m''[39m)[33m;[39m
    [31m[1m>[22m[39m[90m 28 |[39m         expect(stdout[33m.[39mtrim())[33m.[39mtoMatchInlineSnapshot([32m`[39m
     [90m    |[39m                               [31m[1m^[22m[39m
     [90m 29 |[39m [32m          "index.js import:data[39m
     [90m 30 |[39m [32m[39m
     [90m 31 |[39m [32m          Generate data required for targets to be imported via API to create Snyk[39m[0m

      at test/system/import:data.test.ts:28:31

  ● `snyk-api-import import:data <...>` › Generates repo data as expected for Bitbucket Cloud

    expect(received).toEqual(expected) // deep equality

    Expected: 0
    Received: 1

    [0m [90m 127 |[39m       }[33m,[39m
     [90m 128 |[39m     )[33m.[39mon([32m'exit'[39m[33m,[39m (code) [33m=>[39m {
    [31m[1m>[22m[39m[90m 129 |[39m       expect(code)[33m.[39mtoEqual([35m0[39m)[33m;[39m
     [90m     |[39m                    [31m[1m^[22m[39m
     [90m 130 |[39m       done()[33m;[39m
     [90m 131 |[39m     })[33m;[39m
     [90m 132 |[39m   }[33m,[39m [35m50000[39m)[33m;[39m[0m

      at ChildProcess.<anonymous> (test/system/import:data.test.ts:129:20)

  ● `snyk-api-import import:data <...>` › Generates repo data as expected for Bitbucket Cloud

    thrown: "Exceeded timeout of 50000 ms for a test while waiting for `done()` to be called.
    Add a timeout value to this test to increase the timeout, if this is a long-running test. See https://jestjs.io/docs/api#testname-fn-timeout."

    [0m [90m 104 |[39m     })[33m;[39m
     [90m 105 |[39m   }[33m,[39m [35m50000[39m)[33m;[39m
    [31m[1m>[22m[39m[90m 106 |[39m   it([32m'Generates repo data as expected for Bitbucket Cloud'[39m[33m,[39m (done) [33m=>[39m {
     [90m     |[39m   [31m[1m^[22m[39m
     [90m 107 |[39m     [36mconst[39m orgDataFile [33m=[39m
     [90m 108 |[39m       [32m'test/system/fixtures/org-data/bitbucket-cloud-orgs.json'[39m[33m;[39m
     [90m 109 |[39m     exec([0m

      at test/system/import:data.test.ts:106:3
      at Object.<anonymous> (test/system/import:data.test.ts:7:1)

 › 1 snapshot failed.
FAIL test/scripts/create-orgs.test.ts
  createOrgs script
    ✕ create 1 org (5 ms)
    ✕ create 1 org and do not list existing (2 ms)
    ✕ creating an org with the same name as an org in the Group fails (2 ms)
    ✕ creating an org with the same name as an org in the Group does not fail with --includeExistingOrgsInOutput (1 ms)
    ✕ creating an org fails (5 ms)
    ✎ todo creating multiple orgs

  ● createOrgs script › create 1 org

    Failed to auto create the path /fixtures/create-orgs/1-org/ provided in the SNYK_LOG_PATH. Please check this variable is set correctly

    [0m [90m 12 |[39m       fs[33m.[39mmkdirSync(snykLogPath)[33m;[39m
     [90m 13 |[39m     } [36mcatch[39m (e) {
    [31m[1m>[22m[39m[90m 14 |[39m       [36mthrow[39m [36mnew[39m [33mError[39m(
     [90m    |[39m             [31m[1m^[22m[39m
     [90m 15 |[39m         [32m`Failed to auto create the path ${snykLogPath} provided in the SNYK_LOG_PATH. Please check this variable is set correctly`[39m[33m,[39m
     [90m 16 |[39m       )[33m;[39m
     [90m 17 |[39m     }[0m

      at getLoggingPath (src/lib/get-logging-path.ts:14:13)
      at createOrgs (src/scripts/create-orgs.ts:120:31)
      at Object.<anonymous> (test/scripts/create-orgs.test.ts:32:58)

  ● createOrgs script › create 1 org and do not list existing

    Failed to auto create the path /fixtures/create-orgs/1-org/ provided in the SNYK_LOG_PATH. Please check this variable is set correctly

    [0m [90m 12 |[39m       fs[33m.[39mmkdirSync(snykLogPath)[33m;[39m
     [90m 13 |[39m     } [36mcatch[39m (e) {
    [31m[1m>[22m[39m[90m 14 |[39m       [36mthrow[39m [36mnew[39m [33mError[39m(
     [90m    |[39m             [31m[1m^[22m[39m
     [90m 15 |[39m         [32m`Failed to auto create the path ${snykLogPath} provided in the SNYK_LOG_PATH. Please check this variable is set correctly`[39m[33m,[39m
     [90m 16 |[39m       )[33m;[39m
     [90m 17 |[39m     }[0m

      at getLoggingPath (src/lib/get-logging-path.ts:14:13)
      at createOrgs (src/scripts/create-orgs.ts:120:31)
      at Object.<anonymous> (test/scripts/create-orgs.test.ts:49:58)

  ● createOrgs script › creating an org with the same name as an org in the Group fails

    Failed to auto create the path /fixtures/create-orgs/unique-org/ provided in the SNYK_LOG_PATH. Please check this variable is set correctly

    [0m [90m 12 |[39m       fs[33m.[39mmkdirSync(snykLogPath)[33m;[39m
     [90m 13 |[39m     } [36mcatch[39m (e) {
    [31m[1m>[22m[39m[90m 14 |[39m       [36mthrow[39m [36mnew[39m [33mError[39m(
     [90m    |[39m             [31m[1m^[22m[39m
     [90m 15 |[39m         [32m`Failed to auto create the path ${snykLogPath} provided in the SNYK_LOG_PATH. Please check this variable is set correctly`[39m[33m,[39m
     [90m 16 |[39m       )[33m;[39m
     [90m 17 |[39m     }[0m

      at getLoggingPath (src/lib/get-logging-path.ts:14:13)
      at createOrgs (src/scripts/create-orgs.ts:120:31)
      at Object.<anonymous> (test/scripts/create-orgs.test.ts:71:77)

  ● createOrgs script › creating an org with the same name as an org in the Group does not fail with --includeExistingOrgsInOutput

    Failed to auto create the path /fixtures/create-orgs/unique-org/ provided in the SNYK_LOG_PATH. Please check this variable is set correctly

    [0m [90m 12 |[39m       fs[33m.[39mmkdirSync(snykLogPath)[33m;[39m
     [90m 13 |[39m     } [36mcatch[39m (e) {
    [31m[1m>[22m[39m[90m 14 |[39m       [36mthrow[39m [36mnew[39m [33mError[39m(
     [90m    |[39m             [31m[1m^[22m[39m
     [90m 15 |[39m         [32m`Failed to auto create the path ${snykLogPath} provided in the SNYK_LOG_PATH. Please check this variable is set correctly`[39m[33m,[39m
     [90m 16 |[39m       )[33m;[39m
     [90m 17 |[39m     }[0m

      at getLoggingPath (src/lib/get-logging-path.ts:14:13)
      at createOrgs (src/scripts/create-orgs.ts:120:31)
      at Object.<anonymous> (test/scripts/create-orgs.test.ts:98:77)

  ● createOrgs script › creating an org fails

    expect(received).rejects.toThrow(expected)

    Expected substring: "fails-to-create/<groupId>.failed-to-create-orgs.log"
    Received message:   "Failed to auto create the path /fixtures/create-orgs/fails-to-create/ provided in the SNYK_LOG_PATH. Please check this variable is set correctly"

        [0m [90m 12 |[39m       fs[33m.[39mmkdirSync(snykLogPath)[33m;[39m
         [90m 13 |[39m     } [36mcatch[39m (e) {
        [31m[1m>[22m[39m[90m 14 |[39m       [36mthrow[39m [36mnew[39m [33mError[39m(
         [90m    |[39m             [31m[1m^[22m[39m
         [90m 15 |[39m         [32m`Failed to auto create the path ${snykLogPath} provided in the SNYK_LOG_PATH. Please check this variable is set correctly`[39m[33m,[39m
         [90m 16 |[39m       )[33m;[39m
         [90m 17 |[39m     }[0m

      at getLoggingPath (src/lib/get-logging-path.ts:14:13)
      at createOrgs (src/scripts/create-orgs.ts:120:31)
      at Object.<anonymous> (test/scripts/create-orgs.test.ts:129:17)
      at Object.toThrow (node_modules/expect/build/index.js:218:22)
      at Object.<anonymous> (test/scripts/create-orgs.test.ts:130:15)

PASS test/scripts/sync/generate-projects-diff-actions.spec.ts
  generateProjectDiffActions
    ✓ identifies correctly the diff between files in the repo vs monitored in Snyk (2 ms)
    ✓ no changes needed (1 ms)
    ✓ ignores non Open Source projects like Docker (1 ms)
    ✓ compares Open Source + Docker projects (1 ms)

PASS test/lib/supported-project-types/index.test.ts
  ✓ SCM supported manifest files for importing & auto discovery (2 ms)
  ✓ SCM supported manifest files for importing & auto discovery (1 ms)
  ✓ SCM supported manifest files for specific project types (2 ms)
  ✓ SCM supported project types default (1 ms)
  ✓ SCM supported project types (OS & IAC & Docker)

FAIL test/lib/git-clone.spec.ts
  gitClone
    Github
      ✓ successfully clones a repo (269 ms)
      ✓ fails to clone a repo for non-existent branch (169 ms)
    Github Enterprise
      ✕ successfully clones a repo (47 ms)
      ✕ fails to clone a repo for non-existent branch (39 ms)
      ✕ fails to clone a repo with invalid token (38 ms)

  ● gitClone › Github Enterprise › successfully clones a repo

    expect(received).toEqual(expected) // deep equality

    - Expected  - 3
    + Received  + 4

      Object {
    -   "gitResponse": "",
    -   "repoPath": Any<String>,
    -   "success": true,
    +   "gitResponse": "Cloning into '/tmp/snyk-clone-1761055640755-0.8758744574987198Xrst0U'...
    + fatal: unable to access '***********************/*************/mono-repo.git/': Could not resolve host: ghe.dev.snyk.io
    + ",
    +   "success": false,
      }

    [0m [90m 93 |[39m       })[33m;[39m
     [90m 94 |[39m
    [31m[1m>[22m[39m[90m 95 |[39m       expect(res)[33m.[39mtoEqual({
     [90m    |[39m                   [31m[1m^[22m[39m
     [90m 96 |[39m         gitResponse[33m:[39m [32m''[39m[33m,[39m
     [90m 97 |[39m         repoPath[33m:[39m expect[33m.[39many([33mString[39m)[33m,[39m
     [90m 98 |[39m         success[33m:[39m [36mtrue[39m[33m,[39m[0m

      at Object.<anonymous> (test/lib/git-clone.spec.ts:95:19)

  ● gitClone › Github Enterprise › fails to clone a repo for non-existent branch

    expect(received).toEqual(expected) // deep equality

    - Expected  - 1
    + Received  + 3

      Object {
    -   "gitResponse": StringContaining "Remote branch non-existent not found in upstream origin",
    +   "gitResponse": "Cloning into '/tmp/snyk-clone-1761055640802-0.77128921478971280NcZiw'...
    + fatal: unable to access '***********************/*************/mono-repo.git/': Could not resolve host: ghe.dev.snyk.io
    + ",
        "success": false,
      }

    [0m [90m 111 |[39m       })[33m;[39m
     [90m 112 |[39m
    [31m[1m>[22m[39m[90m 113 |[39m       expect(res)[33m.[39mtoEqual({
     [90m     |[39m                   [31m[1m^[22m[39m
     [90m 114 |[39m         gitResponse[33m:[39m expect[33m.[39mstringContaining(
     [90m 115 |[39m           [32m'Remote branch non-existent not found in upstream origin'[39m[33m,[39m
     [90m 116 |[39m         )[33m,[39m[0m

      at Object.<anonymous> (test/lib/git-clone.spec.ts:113:19)

  ● gitClone › Github Enterprise › fails to clone a repo with invalid token

    expect(received).toEqual(expected) // deep equality

    - Expected  - 1
    + Received  + 3

      Object {
    -   "gitResponse": StringContaining "Authentication failed",
    +   "gitResponse": "Cloning into '/tmp/snyk-clone-1761055640843-0.785107484885234fqazD8'...
    + fatal: unable to access '***********************/*************/mono-repo.git/': Could not resolve host: ghe.dev.snyk.io
    + ",
        "success": false,
      }

    [0m [90m 130 |[39m       })[33m;[39m
     [90m 131 |[39m
    [31m[1m>[22m[39m[90m 132 |[39m       expect(res)[33m.[39mtoEqual({
     [90m     |[39m                   [31m[1m^[22m[39m
     [90m 133 |[39m         gitResponse[33m:[39m expect[33m.[39mstringContaining([32m'Authentication failed'[39m)[33m,[39m
     [90m 134 |[39m         success[33m:[39m [36mfalse[39m[33m,[39m
     [90m 135 |[39m       })[33m;[39m[0m

      at Object.<anonymous> (test/lib/git-clone.spec.ts:132:19)

FAIL test/lib/find-files.test.ts
  ✓ find path is empty string (15 ms)
  ✓ find path that does not exist (2 ms)
  ✓ find all files in test fixture ignoring node_modules (5 ms)
  ✓ find all files in test fixture ignoring node_modules by default (5 ms)
  ✓ find all files in test fixture ignoring *.txt (6 ms)
  ✕ find all files in test fixture (python) (5 ms)
  ✓ find all files in test fixture by filtering for *.xml (6 ms)
  ✕ find all files in test fixture but filter out specific path for mvn (11 ms)
  ✓ find pom.xml files in test fixture (4 ms)
  ✎ todo Test getting 100% of all supported files (big fixture that contains all)

  ● find all files in test fixture (python)

    expect(received).toStrictEqual(expected) // deep equality

    - Expected  - 3
    + Received  + 1

    - Array [
    -   "/home/circleci/project/test/lib/fixtures/find-files/python/requirements/dev.txt",
    - ]
    + Array []

    [0m [90m 65 |[39m   )[33m;[39m
     [90m 66 |[39m   [36mconst[39m expected [33m=[39m [path[33m.[39mjoin(testFixture[33m,[39m [32m'requirements/dev.txt'[39m)][33m;[39m
    [31m[1m>[22m[39m[90m 67 |[39m   expect(result[33m.[39msort())[33m.[39mtoStrictEqual(expected[33m.[39msort())[33m;[39m
     [90m    |[39m                         [31m[1m^[22m[39m
     [90m 68 |[39m }[33m,[39m [35m5000[39m)[33m;[39m
     [90m 69 |[39m
     [90m 70 |[39m test([32m'find all files in test fixture by filtering for *.xml'[39m[33m,[39m [36masync[39m () [33m=>[39m {[0m

      at Object.<anonymous> (test/lib/find-files.test.ts:67:25)

  ● find all files in test fixture but filter out specific path for mvn

    expect(received).toStrictEqual(expected) // deep equality

    - Expected  - 0
    + Received  + 2

      Array [
        "/home/circleci/project/test/lib/fixtures/find-files/maven/pom.xml",
        "/home/circleci/project/test/lib/fixtures/find-files/maven/test.txt",
    +   "/home/circleci/project/test/lib/fixtures/find-files/mvn/pom.xml",
        "/home/circleci/project/test/lib/fixtures/find-files/mvn/test.txt",
    +   "/home/circleci/project/test/lib/fixtures/find-files/python/requirements/dev.txt",
      ]

    [0m [90m 90 |[39m     path[33m.[39mjoin(testFixture[33m,[39m [32m'mvn'[39m[33m,[39m [32m'test.txt'[39m)[33m,[39m
     [90m 91 |[39m   ][33m;[39m
    [31m[1m>[22m[39m[90m 92 |[39m   expect(result[33m.[39msort())[33m.[39mtoStrictEqual(expected[33m.[39msort())[33m;[39m
     [90m    |[39m                         [31m[1m^[22m[39m
     [90m 93 |[39m }[33m,[39m [35m5000[39m)[33m;[39m
     [90m 94 |[39m
     [90m 95 |[39m test[33m.[39mtodo([0m

      at Object.<anonymous> (test/lib/find-files.test.ts:92:25)

FAIL test/system/import.test.ts (57.845 s)
  `snyk-api-import import`
    ✕ Import is the default command when no command passed in (28520 ms)
    ✕ `import` command triggers the API import (28482 ms)
    ✓ `import` command fails when missing import file (527 ms)

  ● `snyk-api-import import` › Import is the default command when no command passed in

    expect(received).toEqual(expected) // deep equality

    Expected: ""
    Received: "app.dev.snyk.io seems invalid and should look like https://api.snyk.io or https://api.<REGION>.snyk.io.
    Failed to kick off import for target: {\"name\":\"ruby-with-versions\",\"owner\":\"api-import-circle-test\",\"branch\":\"master\"}.
    ERROR name: Error msg: Expected a 201 response, instead received: {\"data\":\"Snyk is currently down for maintenance.\"} See more information in logs located at /home/circleci/project/test/system/fixtures/single-project/************************************.failed-imports.log or re-start in DEBUG mode.
    "

    [0m [90m 41 |[39m           [36mthrow[39m err[33m;[39m
     [90m 42 |[39m         }
    [31m[1m>[22m[39m[90m 43 |[39m         expect(stderr)[33m.[39mtoEqual([32m''[39m)[33m;[39m
     [90m    |[39m                        [31m[1m^[22m[39m
     [90m 44 |[39m         expect(err)[33m.[39mtoBeNull()[33m;[39m
     [90m 45 |[39m         expect(stdout[33m.[39mtrim())[33m.[39mtoMatch([32m`project(s)[39m
     [90m 46 |[39m [32mProcessed 1 out of a total of 1 targets[39m[0m

      at test/system/import.test.ts:43:24

  ● `snyk-api-import import` › `import` command triggers the API import

    expect(received).toEqual(expected) // deep equality

    Expected: ""
    Received: "app.dev.snyk.io seems invalid and should look like https://api.snyk.io or https://api.<REGION>.snyk.io.
    Failed to kick off import for target: {\"name\":\"composer-with-vulns\",\"owner\":\"api-import-circle-test\",\"branch\":\"master\"}.
    ERROR name: Error msg: Expected a 201 response, instead received: {\"data\":\"Snyk is currently down for maintenance.\"} See more information in logs located at /home/circleci/project/test/system/fixtures/************************************.failed-imports.log or re-start in DEBUG mode.
    "

    [0m [90m 77 |[39m         }
     [90m 78 |[39m         expect(err)[33m.[39mtoBeNull()[33m;[39m
    [31m[1m>[22m[39m[90m 79 |[39m         expect(stderr)[33m.[39mtoEqual([32m''[39m)[33m;[39m
     [90m    |[39m                        [31m[1m^[22m[39m
     [90m 80 |[39m         expect(stdout[33m.[39mtrim())[33m.[39mtoMatch([32m`project(s)[39m
     [90m 81 |[39m [32mProcessed 1 out of a total of 1 targets[39m
     [90m 82 |[39m [32mCheck the logs for any failures located at:`[39m)[33m;[39m[0m

      at test/system/import.test.ts:79:24

PASS test/lib/project/update-branch.test.ts
  updateBranch
    ✓ updates project branch if the default branch changed (3 ms)
    ✓ does not call the Projects API in dryRun mode (2 ms)
    ✓ does not update the project if the branches are the same (2 ms)
    ✓ throws if the api requests fails (4 ms)

PASS test/system/import:data/github-cloud-app.test.ts
  GitHub Cloud App import:data integration
    ✓ should fail when GitHub Cloud App is not configured (4 ms)
    ✓ should fail with invalid configuration (3 ms)
    ○ skipped should successfully generate targets when properly configured

PASS test/lib/source-handlers/github/github.test.ts
  listGithubOrgs script
    ✓ list orgs (3 ms)
    ✓ list orgs GHE (mocked) (2 ms)
  listGithubRepos script
    ✓ list repos (8 ms)
    ✓ list GHE repos (mocked) (1 ms)
  isGithubConfigured
    ✓ correctly configured (1 ms)
    ✓ not configured should throw (3 ms)
  buildGitCloneUrl
    ✓ builds correct clone url for github.com / ghe (the urls come back from API already correct) (1 ms)

FAIL test/lib/index.test.ts
  Single target
    ✕ Import & poll a repo (5 ms)
  Multiple targets
    ✕ importTargets & pollImportUrls multiple repos (6 ms)

  ● Single target › Import & poll a repo

    Could not poll Url

    [0m [90m 71 |[39m       message[33m?[39m[33m:[39m string [33m|[39m undefined[33m;[39m
     [90m 72 |[39m       innerError[33m?[39m[33m:[39m string[33m;[39m
    [31m[1m>[22m[39m[90m 73 |[39m     } [33m=[39m [36mnew[39m [33mError[39m([32m'Could not poll Url'[39m)[33m;[39m
     [90m    |[39m         [31m[1m^[22m[39m
     [90m 74 |[39m     err[33m.[39minnerError [33m=[39m error[33m;[39m
     [90m 75 |[39m     [36mthrow[39m err[33m;[39m
     [90m 76 |[39m   }[0m

      at pollImportUrl (src/lib/api/poll-import/index.ts:73:9)
      at Object.<anonymous> (test/lib/index.test.ts:42:26)

  ● Multiple targets › importTargets & pollImportUrls multiple repos

    expect(received).toMatchObject(expected)

    Matcher error: received value must be a non-null object

    Received has value: undefined

    [0m [90m 91 |[39m     [36mconst[39m { projects } [33m=[39m [36mawait[39m pollImportUrls(requestManager[33m,[39m pollingUrls)[33m;[39m
     [90m 92 |[39m     [90m// at least one job successfully finished[39m
    [31m[1m>[22m[39m[90m 93 |[39m     expect(projects[[35m0[39m])[33m.[39mtoMatchObject({
     [90m    |[39m                         [31m[1m^[22m[39m
     [90m 94 |[39m       projectUrl[33m:[39m expect[33m.[39many([33mString[39m)[33m,[39m
     [90m 95 |[39m       success[33m:[39m [36mtrue[39m[33m,[39m
     [90m 96 |[39m       targetFile[33m:[39m expect[33m.[39many([33mString[39m)[33m,[39m[0m

      at Object.<anonymous> (test/lib/index.test.ts:93:25)

PASS test/lib/generate-target-ids.test.ts
  generateTargetId
    ✓ correctly generates Gitlab target ID (1 ms)
    ✓ correctly generates Github/Github Enterprise / Bitbucket Cloud / Azure Repos target ID (2 ms)
    ✓ correctly generates Heroku target ID (1 ms)
    ✓ correctly generates Bitbucket Server target ID (1 ms)
    ✓ correctly generates CloudFoundry / Pivotal / IBM Cloud target ID (1 ms)
    ✓ correctly generates Azure Container Registry, Elastic Container Registry, Artifactory Container Registry, Docker Hub  Cloud target ID (1 ms)
    ✓ correctly generates Azure Container Registry, Elastic Container Registry, Artifactory Container Registry, Docker Hub  Cloud target ID (1 ms)

FAIL test/scripts/sync/import-target.spec.ts
  Import projects script
    ✕ succeeds to import a single target (5 ms)
    ✓ exclusions propagate to API and apply as expected (3 ms)
    ✎ todo imports an individual file only if asked

  ● Import projects script › succeeds to import a single target

    expect(received).toEqual(expected) // deep equality

    Expected: 1
    Received: 0

    [0m [90m 47 |[39m     )[33m;[39m
     [90m 48 |[39m     expect(projects)[33m.[39mnot[33m.[39mtoBe([])[33m;[39m
    [31m[1m>[22m[39m[90m 49 |[39m     expect(projects[33m.[39mlength)[33m.[39mtoEqual([35m1[39m)[33m;[39m
     [90m    |[39m                             [31m[1m^[22m[39m
     [90m 50 |[39m     expect(projects[[35m0[39m])[33m.[39mtoMatchObject({
     [90m 51 |[39m       projectUrl[33m:[39m expect[33m.[39many([33mString[39m)[33m,[39m
     [90m 52 |[39m       success[33m:[39m [36mtrue[39m[33m,[39m[0m

      at Object.<anonymous> (test/scripts/sync/import-target.spec.ts:49:29)

PASS test/system/help.test.ts
  `snyk-api-import help <...>`
    ✓ Shows help text as expected (437 ms)

PASS test/lib/source-handlers/gitlab/list-repos.test.ts
  listGitlabRepos
    ✓ list repos (Gitlab Custom URL) (mocked) (2 ms)
    ✓ list repos (Gitlab Custom URL) excludes a shared project (mocked) (2 ms)
    ✓ list repos for a sub-group (mocked) (1 ms)
    ✓ lists repos (1 ms)
    ✓ lists repos for self-hosted (1 ms)

PASS test/lib/source-handlers/azure/azure.test.ts
  Testing azure-devops interaction
    ✓ Test listAzureProjects with 2 pages (68 ms)
    ✓ Test listAzureRepos with one page (56 ms)
    ✓ listAzureRepos to fail (4 ms)

PASS test/system/orgs:data/github-cloud-app.test.ts
  GitHub Cloud App orgs:data integration
    ✓ should fail when GitHub Cloud App is not configured (2 ms)
    ✓ should fail with invalid app ID format (2 ms)
    ✓ should fail with invalid private key format (1 ms)
    ○ skipped should successfully list organizations when properly configured

PASS test/lib/api/project/index.test.ts
  UpdateProject
    ✓ Update project branch (1 ms)
    ✓ Error if the requests fails (3 ms)

PASS test/lib/api/feature-flags/index.test.ts
  getFeatureFlag
    ✓ get feature flag for org - mock (2 ms)
    ✓ Error if the request fails with 404 - user has no access to an org (3 ms)
    ✓ Error if the request fails with a 403 that indicates the FF is not enabled for a real org (1 ms)

PASS test/system/orgs:data/generic.test.ts
  General `snyk-api-import orgs:data <...>`
    ✓ Shows help text as expected (411 ms)

FAIL test/scripts/polling.test.ts
  Logs failed polls
    ✕ Fails to import targets from file (309 ms)

  ● Logs failed polls › Fails to import targets from file

    ENOENT: no such file or directory, open '/home/circleci/project/test/scripts/ORG-ID.failed-polls.log'

    [0m [90m 48 |[39m     }
     [90m 49 |[39m     [36mawait[39m [36mnew[39m [33mPromise[39m((r) [33m=>[39m setTimeout(r[33m,[39m [35m300[39m))[33m;[39m
    [31m[1m>[22m[39m[90m 50 |[39m     [36mconst[39m failedLog [33m=[39m fs[33m.[39mreadFileSync(failedPollsLogName[33m,[39m [32m'utf8'[39m)[33m;[39m
     [90m    |[39m                          [31m[1m^[22m[39m
     [90m 51 |[39m     expect(failedLog)[33m.[39mtoMatch(
     [90m 52 |[39m       [32m`"level":50,"orgId":"ORG-ID","locationUrl":"https://api.snyk.io/v1/org/ORG-ID/integrations/INTEGRATION-ID/import/IMPORT-ID","errorMessage":{"statusCode":500,"error":{"message":"Error calling Snyk api"}},"msg":"Failed to poll url"`[39m[33m,[39m
     [90m 53 |[39m     )[33m;[39m[0m

      at Object.<anonymous> (test/scripts/polling.test.ts:50:26)

FAIL test/lib/orgs.test.ts
  Orgs API
    ✕ Split orgs into existing & new for a Group (1 ms)
    ✕ Get all orgs for GROUP (1 ms)

  ● Orgs API › Split orgs into existing & new for a Group

    thrown: Object {
      "error": Object {
        "message": "Error calling Snyk api",
      },
      "statusCode": 500,
    }

    [0m [90m 20 |[39m   })[33m;[39m
     [90m 21 |[39m
    [31m[1m>[22m[39m[90m 22 |[39m   it([32m'Split orgs into existing & new for a Group'[39m[33m,[39m [36masync[39m () [33m=>[39m {
     [90m    |[39m   [31m[1m^[22m[39m
     [90m 23 |[39m     [36mconst[39m orgs[33m:[39m [33mCreateOrgData[39m[] [33m=[39m [
     [90m 24 |[39m       {
     [90m 25 |[39m         groupId[33m:[39m [33mGROUP_ID[39m[33m,[39m[0m

      at test/lib/orgs.test.ts:22:3
      at Object.<anonymous> (test/lib/orgs.test.ts:11:1)

  ● Orgs API › Get all orgs for GROUP

    thrown: Object {
      "error": Object {
        "message": "Error calling Snyk api",
      },
      "statusCode": 500,
    }

    [0m [90m 51 |[39m   })[33m;[39m
     [90m 52 |[39m
    [31m[1m>[22m[39m[90m 53 |[39m   it([32m'Get all orgs for GROUP'[39m[33m,[39m [36masync[39m () [33m=>[39m {
     [90m    |[39m   [31m[1m^[22m[39m
     [90m 54 |[39m     [36mconst[39m orgs [33m=[39m [36mawait[39m getAllOrgs(requestManager[33m,[39m [33mGROUP_ID[39m)[33m;[39m
     [90m 55 |[39m
     [90m 56 |[39m     expect(orgs)[33m.[39mtoMatchObject(expect[33m.[39many([33mArray[39m))[33m;[39m[0m

      at test/lib/orgs.test.ts:53:3
      at Object.<anonymous> (test/lib/orgs.test.ts:11:1)

PASS test/lib/get-import-path.spec.ts
  getImportProjectsFile
    ✓ Full path resolves OK (3 ms)
    ✓ Full path provided via env var resolves OK (1 ms)
    ✓ Relative path resolves ok
    ✓ Missing file name assumes: import-projects.json (1 ms)
    ✓ If path / file does not exist throws error (3 ms)

PASS test/lib/request-with-rate-limit.test.ts (14.468 s)
  Testing requestWithRateLimitRetries
    ✓ Test requestWithRateLimitRetries iterates returns an array when response code is 200 (29 ms)
    ✓ Test requestWithRateLimitRetries with unescape charaters iterates returns an array when response code is 200 (495 ms)
    ✓ Test requestWithRateLimitRetries iterates 7 times when response code is 429 (13708 ms)

PASS test/lib/source-handlers/bitbucket-server/bitbucket-server.test.ts
  listBitbucketServerProjects script
    ✓ listBitbucketServerProjects script (mocked) (2 ms)
    ✓ listBitbucketServerRepos script (mocked) (1 ms)
    ✓ listBitbucketServerRepos script to throw (mocked) (1 ms)

PASS test/lib/source-handlers/gitlab/list-groups.test.ts
  listGitlabGroups
    ✓ list repos (Gitlab Custom URL) (mocked) (2 ms)
    ✓ lists groups (1 ms)
    ✓ lists groups for self-hosted (6 ms)

PASS test/lib/stream-data.spec.ts
  streamData - Orgs
    ✓ correctly can stream minified json for 1 org (22 ms)
    ✓ correctly can stream prettified json for 1 org (5 ms)
    ✓ correctly can stream minified json for 40k orgs (383 ms)
    ✓ correctly can stream prettified json for 40k orgs (348 ms)

FAIL test/system/orgs:data/bitbucket.test.ts
  General `snyk-api-import orgs:data <...>`
    ✕ Generates orgs data as expected for Bitbucket Server (843 ms)

  ● General `snyk-api-import orgs:data <...>` › Generates orgs data as expected for Bitbucket Server

    expect(received).toMatch(expected)

    Expected substring: "Found 1 project(s). Written the data to file: group-hello-bitbucket-server-orgs.json"
    Received string:    "Found 27 project(s). Written the data to file: group-hello-bitbucket-server-orgs.json
    "

    [0m [90m 26 |[39m         expect(stderr)[33m.[39mtoEqual([32m''[39m)[33m;[39m
     [90m 27 |[39m         expect(err)[33m.[39mtoBeNull()[33m;[39m
    [31m[1m>[22m[39m[90m 28 |[39m         expect(stdout)[33m.[39mtoMatch(
     [90m    |[39m                        [31m[1m^[22m[39m
     [90m 29 |[39m           [32m'Found 1 project(s). Written the data to file: group-hello-bitbucket-server-orgs.json'[39m[33m,[39m
     [90m 30 |[39m         )[33m;[39m
     [90m 31 |[39m         deleteFiles([[0m

      at test/system/orgs:data/bitbucket.test.ts:28:24

PASS test/system/orgs:data/errors.test.ts
  General `snyk-api-import orgs:data <...>`
    ✓ Shows error when missing groupId (474 ms)
    ✓ Shows error when token is invalid (3500 ms)

FAIL test/lib/source-handlers/bitbucket-cloud/bitbucket-cloud.test.ts
  Test Bitbucket Cloud script
    ✕ listBitbucketCloudWorkspaces script (114 ms)
    ✕ listBitbucketCloudRepos script (110 ms)
    ✓ listBitbucketCloudRepos script to throw (9 ms)

  ● Test Bitbucket Cloud script › listBitbucketCloudWorkspaces script

    {}

    [0m [90m 41 |[39m       pageCount[33m++[39m[33m;[39m
     [90m 42 |[39m     } [36mcatch[39m (err) {
    [31m[1m>[22m[39m[90m 43 |[39m       [36mthrow[39m [36mnew[39m [33mError[39m([33mJSON[39m[33m.[39mstringify(err))[33m;[39m
     [90m    |[39m             [31m[1m^[22m[39m
     [90m 44 |[39m     }
     [90m 45 |[39m   }
     [90m 46 |[39m   [36mreturn[39m workspacesList[33m;[39m[0m

      at fetchAllWorkspaces (src/lib/source-handlers/bitbucket-cloud/list-workspaces.ts:43:13)
      at listBitbucketCloudWorkspaces (src/lib/source-handlers/bitbucket-cloud/list-workspaces.ts:93:22)
      at Object.<anonymous> (test/lib/source-handlers/bitbucket-cloud/bitbucket-cloud.test.ts:9:24)

  ● Test Bitbucket Cloud script › listBitbucketCloudRepos script

    {}

    [0m [90m 52 |[39m       pageCount[33m++[39m[33m;[39m
     [90m 53 |[39m     } [36mcatch[39m (err) {
    [31m[1m>[22m[39m[90m 54 |[39m       [36mthrow[39m [36mnew[39m [33mError[39m([33mJSON[39m[33m.[39mstringify(err))[33m;[39m
     [90m    |[39m             [31m[1m^[22m[39m
     [90m 55 |[39m     }
     [90m 56 |[39m   }
     [90m 57 |[39m   [36mreturn[39m reposList[33m;[39m[0m

      at fetchAllBitbucketCloudRepos (src/lib/source-handlers/bitbucket-cloud/list-repos.ts:54:13)
      at listBitbucketCloudRepos (src/lib/source-handlers/bitbucket-cloud/list-repos.ts:108:20)
      at Object.<anonymous> (test/lib/source-handlers/bitbucket-cloud/bitbucket-cloud.test.ts:16:19)

PASS test/system/orgs:data/gitlab.test.ts
  General `snyk-api-import orgs:data <...>`
    ✓ Generates orgs data as expected for Gitlab (1341 ms)

FAIL test/system/orgs:data/github.test.ts
  General `snyk-api-import orgs:data <...>`
    ✕ Generates orgs data as expected (768 ms)

  ● General `snyk-api-import orgs:data <...>` › Generates orgs data as expected

    expect(received).toMatch(expected)

    Expected substring: "Found 3 organization(s). Written the data to file: group-hello-github-com-orgs.json"
    Received string:    "Found 1 organization(s). Written the data to file: group-hello-github-com-orgs.json
    "

    [0m [90m 26 |[39m         expect(stderr)[33m.[39mtoEqual([32m''[39m)[33m;[39m
     [90m 27 |[39m         expect(err)[33m.[39mtoBeNull()[33m;[39m
    [31m[1m>[22m[39m[90m 28 |[39m         expect(stdout)[33m.[39mtoMatch(
     [90m    |[39m                        [31m[1m^[22m[39m
     [90m 29 |[39m           [32m'Found 3 organization(s). Written the data to file: group-hello-github-com-orgs.json'[39m[33m,[39m
     [90m 30 |[39m         )[33m;[39m
     [90m 31 |[39m         deleteFiles([[0m

      at test/system/orgs:data/github.test.ts:28:24

PASS test/lib/delete-directory.test.ts
  directory deletion
    ✓ directory is deleted with contents via Node `fs` (5 ms)
    ✓ directory is deleted with contents via `rimraf` (18 ms)

FAIL test/system/projects.test.ts
  UpdateProject - e2e
    ✕ Update project branch e2e (3 ms)

  ● UpdateProject - e2e › Update project branch e2e

    expect(received).toEqual(expected) // deep equality

    Expected: "newDefaultBranch"
    Received: undefined

    [0m [90m 24 |[39m       branch[33m:[39m [32m'newDefaultBranch'[39m[33m,[39m
     [90m 25 |[39m     })[33m;[39m
    [31m[1m>[22m[39m[90m 26 |[39m     expect(res[33m.[39mbranch)[33m.[39mtoEqual([32m'newDefaultBranch'[39m)[33m;[39m
     [90m    |[39m                        [31m[1m^[22m[39m
     [90m 27 |[39m
     [90m 28 |[39m     res [33m=[39m [36mawait[39m updateProject(requestManager[33m,[39m [33mORG_ID[39m[33m,[39m [33mPROJECT_ID[39m[33m,[39m {
     [90m 29 |[39m       branch[33m:[39m [32m'main'[39m[33m,[39m[0m

      at Object.<anonymous> (test/system/projects.test.ts:26:24)

PASS test/system/orgs.test.ts
  listTargets
    ✓ list the targets in a given Org - e2e (2 ms)

[999D[KSummary of all failing tests
FAIL test/scripts/sync/sync-org-projects.test.ts (29.735 s)
  ● updateTargets › Github › Removed projects that were accidentally added from `node_modules`

    expect(received).toStrictEqual(expected) // deep equality

    - Expected  - 2
    + Received  + 2

      Object {
    -   "failedTargets": 0,
    +   "failedTargets": 1,
        "meta": Object {
          "projects": Anything,
        },
    -   "processedTargets": 1,
    +   "processedTargets": 0,
      }

    [0m [90m 259 |[39m
     [90m 260 |[39m       [90m// Assert[39m
    [31m[1m>[22m[39m[90m 261 |[39m       expect(res)[33m.[39mtoStrictEqual({
     [90m     |[39m                   [31m[1m^[22m[39m
     [90m 262 |[39m         processedTargets[33m:[39m [35m1[39m[33m,[39m
     [90m 263 |[39m         failedTargets[33m:[39m [35m0[39m[33m,[39m
     [90m 264 |[39m         meta[33m:[39m {[0m

      at Object.<anonymous> (test/scripts/sync/sync-org-projects.test.ts:261:19)

  ● updateTargets › Github › updates a projects branch if default branch changed

    expect(received).toStrictEqual(expected) // deep equality

    - Expected  - 31
    + Received  +  3

      Object {
    -   "failedTargets": 0,
    +   "failedTargets": 1,
        "meta": Object {
          "projects": Object {
            "failed": Array [],
    -       "updated": Array [
    -         Object {
    -           "dryRun": false,
    -           "from": "master",
    -           "projectPublicId": "af137b96-6966-46c1-826b-2e79ac49bbxx",
    -           "target": Object {
    -             "attributes": Object {
    -               "displayName": "test",
    -               "isPrivate": false,
    -               "origin": "github",
    -               "remoteUrl": null,
    -             },
    -             "id": "af137b96-6966-46c1-826b-2e79ac49bbxx",
    -             "relationships": Object {
    -               "org": Object {
    -                 "data": Object {
    -                   "id": "af137b96-6966-46c1-826b-2e79ac49bbxx",
    -                   "type": "org",
    -                 },
    -                 "links": Object {},
    -                 "meta": Object {},
    +       "updated": Array [],
          },
        },
    -             "type": "target",
    -           },
    -           "to": "develop",
    -           "type": "branch",
    -         },
    -       ],
    -     },
    -   },
    -   "processedTargets": 1,
    +   "processedTargets": 0,
      }

    [0m [90m 370 |[39m
     [90m 371 |[39m       [90m// Assert[39m
    [31m[1m>[22m[39m[90m 372 |[39m       expect(res)[33m.[39mtoStrictEqual({
     [90m     |[39m                   [31m[1m^[22m[39m
     [90m 373 |[39m         failedTargets[33m:[39m [35m0[39m[33m,[39m
     [90m 374 |[39m         processedTargets[33m:[39m [35m1[39m[33m,[39m
     [90m 375 |[39m         meta[33m:[39m {[0m

      at Object.<anonymous> (test/scripts/sync/sync-org-projects.test.ts:372:19)

  ● updateTargets › Github › deactivates a project if it matches exclusion globs

    expect(received).toStrictEqual(expected) // deep equality

    - Expected  - 31
    + Received  +  3

      Object {
    -   "failedTargets": 0,
    +   "failedTargets": 1,
        "meta": Object {
          "projects": Object {
            "failed": Array [],
    -       "updated": Array [
    -         Object {
    -           "dryRun": false,
    -           "from": "active",
    -           "projectPublicId": "af137b96-6966-46c1-826b-2e79ac49bbxx",
    -           "target": Object {
    -             "attributes": Object {
    -               "displayName": "test",
    -               "isPrivate": false,
    -               "origin": "github",
    -               "remoteUrl": null,
    -             },
    -             "id": "af137b96-6966-46c1-826b-2e79ac49bbxx",
    -             "relationships": Object {
    -               "org": Object {
    -                 "data": Object {
    -                   "id": "af137b96-6966-46c1-826b-2e79ac49bbxx",
    -                   "type": "org",
    -                 },
    -                 "links": Object {},
    -                 "meta": Object {},
    +       "updated": Array [],
          },
        },
    -             "type": "target",
    -           },
    -           "to": "deactivated",
    -           "type": "deactivate",
    -         },
    -       ],
    -     },
    -   },
    -   "processedTargets": 1,
    +   "processedTargets": 0,
      }

    [0m [90m 482 |[39m
     [90m 483 |[39m       [90m// Assert[39m
    [31m[1m>[22m[39m[90m 484 |[39m       expect(res)[33m.[39mtoStrictEqual({
     [90m     |[39m                   [31m[1m^[22m[39m
     [90m 485 |[39m         failedTargets[33m:[39m [35m0[39m[33m,[39m
     [90m 486 |[39m         processedTargets[33m:[39m [35m1[39m[33m,[39m
     [90m 487 |[39m         meta[33m:[39m {[0m

      at Object.<anonymous> (test/scripts/sync/sync-org-projects.test.ts:484:19)

  ● updateTargets › Github › did not need to update a projects branch

    expect(received).toStrictEqual(expected) // deep equality

    - Expected  - 2
    + Received  + 2

      Object {
    -   "failedTargets": 0,
    +   "failedTargets": 1,
        "meta": Object {
          "projects": Object {
            "failed": Array [],
            "updated": Array [],
          },
        },
    -   "processedTargets": 1,
    +   "processedTargets": 0,
      }

    [0m [90m 574 |[39m
     [90m 575 |[39m       [90m// Assert[39m
    [31m[1m>[22m[39m[90m 576 |[39m       expect(res)[33m.[39mtoStrictEqual({
     [90m     |[39m                   [31m[1m^[22m[39m
     [90m 577 |[39m         failedTargets[33m:[39m [35m0[39m[33m,[39m
     [90m 578 |[39m         processedTargets[33m:[39m [35m1[39m[33m,[39m
     [90m 579 |[39m         meta[33m:[39m {[0m

      at Object.<anonymous> (test/scripts/sync/sync-org-projects.test.ts:576:19)

  ● updateTargets › Github › updates several projects from the same target 1 failed 1 success

    expect(received).toStrictEqual(expected) // deep equality

    - Expected  - 61
    + Received  +  4

      Object {
    -   "failedTargets": 0,
    +   "failedTargets": 1,
        "meta": Object {
          "projects": Object {
    -       "failed": Array [
    -         Object {
    -           "dryRun": false,
    -           "errorMessage": "Failed to update project f57afea5-8fed-41d8-a8fd-d374c0944b07 via Snyk API. ERROR: Error",
    -           "from": "master",
    -           "projectPublicId": "f57afea5-8fed-41d8-a8fd-d374c0944b07",
    -           "target": Object {
    -             "attributes": Object {
    -               "displayName": "snyk/monorepo",
    -               "isPrivate": false,
    -               "origin": "github",
    -               "remoteUrl": null,
    -             },
    -             "id": "af137b96-6966-46c1-826b-2e79ac49bbxx",
    -             "relationships": Object {
    -               "org": Object {
    -                 "data": Object {
    -                   "id": "af137b96-6966-46c1-826b-2e79ac49bbxx",
    -                   "type": "org",
    -                 },
    -                 "links": Object {},
    -                 "meta": Object {},
    -               },
    -             },
    -             "type": "target",
    -           },
    -           "to": "develop",
    -           "type": "branch",
    -         },
    -       ],
    -       "updated": Array [
    -         Object {
    -           "dryRun": false,
    -           "from": "master",
    -           "projectPublicId": "3626066d-21a7-424f-b6fc-dc0d222d8e4a",
    -           "target": Object {
    -             "attributes": Object {
    -               "displayName": "snyk/monorepo",
    -               "isPrivate": false,
    -               "origin": "github",
    -               "remoteUrl": null,
    -             },
    -             "id": "af137b96-6966-46c1-826b-2e79ac49bbxx",
    -             "relationships": Object {
    -               "org": Object {
    -                 "data": Object {
    -                   "id": "af137b96-6966-46c1-826b-2e79ac49bbxx",
    -                   "type": "org",
    +       "failed": Array [],
    +       "updated": Array [],
          },
    -                 "links": Object {},
    -                 "meta": Object {},
    -               },
    -             },
    -             "type": "target",
        },
    -           "to": "develop",
    -           "type": "branch",
    -         },
    -       ],
    -     },
    -   },
    -   "processedTargets": 1,
    +   "processedTargets": 0,
      }

    [0m [90m 695 |[39m
     [90m 696 |[39m       [90m// Assert[39m
    [31m[1m>[22m[39m[90m 697 |[39m       expect(res)[33m.[39mtoStrictEqual({
     [90m     |[39m                   [31m[1m^[22m[39m
     [90m 698 |[39m         processedTargets[33m:[39m [35m1[39m[33m,[39m
     [90m 699 |[39m         failedTargets[33m:[39m [35m0[39m[33m,[39m
     [90m 700 |[39m         meta[33m:[39m {[0m

      at Object.<anonymous> (test/scripts/sync/sync-org-projects.test.ts:697:19)

  ● updateTargets › Github › deletes all projects from archived target

    expect(received).toStrictEqual(expected) // deep equality

    - Expected  - 58
    + Received  +  3

      Object {
    -   "failedTargets": 0,
    +   "failedTargets": 1,
        "meta": Object {
          "projects": Object {
            "failed": Array [],
    -       "updated": Array [
    -         Object {
    -           "dryRun": false,
    -           "from": "active",
    -           "projectPublicId": "3626066d-21a7-424f-b6fc-dc0d222d8e4a",
    -           "target": Object {
    -             "attributes": Object {
    -               "displayName": "snyk/monorepo",
    -               "isPrivate": false,
    -               "origin": "github",
    -               "remoteUrl": null,
    -             },
    -             "id": "af137b96-6966-46c1-826b-2e79ac49bbxx",
    -             "relationships": Object {
    -               "org": Object {
    -                 "data": Object {
    -                   "id": "af137b96-6966-46c1-826b-2e79ac49bbxx",
    -                   "type": "org",
    -                 },
    -                 "links": Object {},
    -                 "meta": Object {},
    -               },
    -             },
    -             "type": "target",
    -           },
    -           "to": "deactivated",
    -           "type": "deactivate",
    -         },
    -         Object {
    -           "dryRun": false,
    -           "from": "active",
    -           "projectPublicId": "f57afea5-8fed-41d8-a8fd-d374c0944b07",
    -           "target": Object {
    -             "attributes": Object {
    -               "displayName": "snyk/monorepo",
    -               "isPrivate": false,
    -               "origin": "github",
    -               "remoteUrl": null,
    -             },
    -             "id": "af137b96-6966-46c1-826b-2e79ac49bbxx",
    -             "relationships": Object {
    -               "org": Object {
    -                 "data": Object {
    -                   "id": "af137b96-6966-46c1-826b-2e79ac49bbxx",
    -                   "type": "org",
    +       "updated": Array [],
          },
    -                 "links": Object {},
    -                 "meta": Object {},
        },
    -             },
    -             "type": "target",
    -           },
    -           "to": "deactivated",
    -           "type": "deactivate",
    -         },
    -       ],
    -     },
    -   },
    -   "processedTargets": 1,
    +   "processedTargets": 0,
      }

    [0m [90m 801 |[39m
     [90m 802 |[39m       [90m// Assert[39m
    [31m[1m>[22m[39m[90m 803 |[39m       expect(res)[33m.[39mtoStrictEqual({
     [90m     |[39m                   [31m[1m^[22m[39m
     [90m 804 |[39m         processedTargets[33m:[39m [35m1[39m[33m,[39m
     [90m 805 |[39m         failedTargets[33m:[39m [35m0[39m[33m,[39m
     [90m 806 |[39m         meta[33m:[39m {[0m

      at Object.<anonymous> (test/scripts/sync/sync-org-projects.test.ts:803:19)

  ● updateTargets › Github › imports all projects for an empty target

    expect(received).toStrictEqual(expected) // deep equality

    - Expected  - 85
    + Received  +  3

      Object {
    -   "failedTargets": 0,
    +   "failedTargets": 1,
        "meta": Object {
          "projects": Object {
            "failed": Array [],
    -       "updated": Array [
    -         Object {
    -           "dryRun": false,
    -           "from": "build.gradle",
    -           "projectPublicId": "ddf968c2-b6a7-4edc-a8dc-334c8abc6c9f",
    -           "target": Object {
    -             "attributes": Object {
    -               "displayName": "snyk/monorepo",
    -               "isPrivate": false,
    -               "origin": "github",
    -               "remoteUrl": null,
    +       "updated": Array [],
          },
    -             "id": "af137b96-6966-46c1-826b-2e79ac49bbxx",
    -             "relationships": Object {
    -               "org": Object {
    -                 "data": Object {
    -                   "id": "af137b96-6966-46c1-826b-2e79ac49bbxx",
    -                   "type": "org",
        },
    -                 "links": Object {},
    -                 "meta": Object {},
    -               },
    -             },
    -             "type": "target",
    -           },
    -           "to": "https://app.snyk.io/org/hello/project/ddf968c2-b6a7-4edc-a8dc-334c8abc6c9f",
    -           "type": "import",
    -         },
    -         Object {
    -           "dryRun": false,
    -           "from": "package.json",
    -           "projectPublicId": "ddf968c2-b6a7-4edc-a8dc-334c8abc6c9f",
    -           "target": Object {
    -             "attributes": Object {
    -               "displayName": "snyk/monorepo",
    -               "isPrivate": false,
    -               "origin": "github",
    -               "remoteUrl": null,
    -             },
    -             "id": "af137b96-6966-46c1-826b-2e79ac49bbxx",
    -             "relationships": Object {
    -               "org": Object {
    -                 "data": Object {
    -                   "id": "af137b96-6966-46c1-826b-2e79ac49bbxx",
    -                   "type": "org",
    -                 },
    -                 "links": Object {},
    -                 "meta": Object {},
    -               },
    -             },
    -             "type": "target",
    -           },
    -           "to": "https://app.snyk.io/org/hello/project/ddf968c2-b6a7-4edc-a8dc-334c8abc6c9f",
    -           "type": "import",
    -         },
    -         Object {
    -           "dryRun": false,
    -           "from": "failure/Dockerfile",
    -           "projectPublicId": "",
    -           "target": Object {
    -             "attributes": Object {
    -               "displayName": "snyk/monorepo",
    -               "isPrivate": false,
    -               "origin": "github",
    -               "remoteUrl": null,
    -             },
    -             "id": "af137b96-6966-46c1-826b-2e79ac49bbxx",
    -             "relationships": Object {
    -               "org": Object {
    -                 "data": Object {
    -                   "id": "af137b96-6966-46c1-826b-2e79ac49bbxx",
    -                   "type": "org",
    -                 },
    -                 "links": Object {},
    -                 "meta": Object {},
    -               },
    -             },
    -             "type": "target",
    -           },
    -           "to": "",
    -           "type": "import",
    -         },
    -       ],
    -     },
    -   },
    -   "processedTargets": 1,
    +   "processedTargets": 0,
      }

    [0m [90m 905 |[39m
     [90m 906 |[39m       [90m// Assert[39m
    [31m[1m>[22m[39m[90m 907 |[39m       expect(res)[33m.[39mtoStrictEqual({
     [90m     |[39m                   [31m[1m^[22m[39m
     [90m 908 |[39m         processedTargets[33m:[39m [35m1[39m[33m,[39m
     [90m 909 |[39m         failedTargets[33m:[39m [35m0[39m[33m,[39m
     [90m 910 |[39m         meta[33m:[39m {[0m

      at Object.<anonymous> (test/scripts/sync/sync-org-projects.test.ts:907:19)

  ● updateTargets › Github Enterprise › updates several projects from the same target 1 failed 1 success

    expect(received).toStrictEqual(expected) // deep equality

    - Expected  - 61
    + Received  +  4

      Object {
    -   "failedTargets": 0,
    +   "failedTargets": 1,
        "meta": Object {
          "projects": Object {
    -       "failed": Array [
    -         Object {
    -           "dryRun": false,
    -           "errorMessage": "Failed to update project f57afea5-8fed-41d8-a8fd-d374c0944b07 via Snyk API. ERROR: Error",
    -           "from": "master",
    -           "projectPublicId": "f57afea5-8fed-41d8-a8fd-d374c0944b07",
    -           "target": Object {
    -             "attributes": Object {
    -               "displayName": "snyk/monorepo",
    -               "isPrivate": false,
    -               "origin": "github-enterprise",
    -               "remoteUrl": null,
    -             },
    -             "id": "af137b96-6966-46c1-826b-2e79ac49bbxx",
    -             "relationships": Object {
    -               "org": Object {
    -                 "data": Object {
    -                   "id": "af137b96-6966-46c1-826b-2e79ac49bbxx",
    -                   "type": "org",
    -                 },
    -                 "links": Object {},
    -                 "meta": Object {},
    -               },
    -             },
    -             "type": "target",
    -           },
    -           "to": "develop",
    -           "type": "branch",
    -         },
    -       ],
    -       "updated": Array [
    -         Object {
    -           "dryRun": false,
    -           "from": "master",
    -           "projectPublicId": "3626066d-21a7-424f-b6fc-dc0d222d8e4a",
    -           "target": Object {
    -             "attributes": Object {
    -               "displayName": "snyk/monorepo",
    -               "isPrivate": false,
    -               "origin": "github-enterprise",
    -               "remoteUrl": null,
    -             },
    -             "id": "af137b96-6966-46c1-826b-2e79ac49bbxx",
    -             "relationships": Object {
    -               "org": Object {
    -                 "data": Object {
    -                   "id": "af137b96-6966-46c1-826b-2e79ac49bbxx",
    -                   "type": "org",
    +       "failed": Array [],
    +       "updated": Array [],
          },
    -                 "links": Object {},
    -                 "meta": Object {},
    -               },
    -             },
    -             "type": "target",
        },
    -           "to": "develop",
    -           "type": "branch",
    -         },
    -       ],
    -     },
    -   },
    -   "processedTargets": 1,
    +   "processedTargets": 0,
      }

    [0m [90m 1058 |[39m
     [90m 1059 |[39m       [90m// Assert[39m
    [31m[1m>[22m[39m[90m 1060 |[39m       expect(res)[33m.[39mtoStrictEqual({
     [90m      |[39m                   [31m[1m^[22m[39m
     [90m 1061 |[39m         failedTargets[33m:[39m [35m0[39m[33m,[39m
     [90m 1062 |[39m         processedTargets[33m:[39m [35m1[39m[33m,[39m
     [90m 1063 |[39m         meta[33m:[39m {[0m

      at Object.<anonymous> (test/scripts/sync/sync-org-projects.test.ts:1060:19)

  ● updateOrgTargets › Errors › skips target if listingProjects has API error

    thrown: Object {
      "error": Object {
        "message": "Error calling Snyk api",
      },
      "statusCode": 500,
    }

    [0m [90m 1148 |[39m     })[33m;[39m
     [90m 1149 |[39m
    [31m[1m>[22m[39m[90m 1150 |[39m     it([32m'skips target if listingProjects has API error'[39m[33m,[39m [36masync[39m () [33m=>[39m {
     [90m      |[39m     [31m[1m^[22m[39m
     [90m 1151 |[39m       [36mconst[39m targets[33m:[39m [33mSnykTarget[39m[] [33m=[39m [
     [90m 1152 |[39m         {
     [90m 1153 |[39m           attributes[33m:[39m {[0m

      at test/scripts/sync/sync-org-projects.test.ts:1150:5
      at test/scripts/sync/sync-org-projects.test.ts:1129:3
      at Object.<anonymous> (test/scripts/sync/sync-org-projects.test.ts:1082:1)

  ● updateOrgTargets › Github › skips target & projects error if getting default branch fails

    thrown: Object {
      "error": Object {
        "message": "Error calling Snyk api",
      },
      "statusCode": 500,
    }

    [0m [90m 1261 |[39m     })[33m;[39m
     [90m 1262 |[39m     it[33m.[39mtodo([32m'skips extra unsupported source, but finishes supported'[39m)[33m;[39m
    [31m[1m>[22m[39m[90m 1263 |[39m     it([32m'skips target & projects error if getting default branch fails'[39m[33m,[39m [36masync[39m () [33m=>[39m {
     [90m      |[39m     [31m[1m^[22m[39m
     [90m 1264 |[39m       [90m// Arrange[39m
     [90m 1265 |[39m       [36mconst[39m targets[33m:[39m [33mSnykTarget[39m[] [33m=[39m [
     [90m 1266 |[39m         {[0m

      at test/scripts/sync/sync-org-projects.test.ts:1263:5
      at test/scripts/sync/sync-org-projects.test.ts:1216:3
      at Object.<anonymous> (test/scripts/sync/sync-org-projects.test.ts:1082:1)

  ● updateOrgTargets › Github › successfully updated several targets (dryRun mode)

    thrown: Object {
      "error": Object {
        "message": "Error calling Snyk api",
      },
      "statusCode": 500,
    }

    [0m [90m 1313 |[39m     })[33m;[39m
     [90m 1314 |[39m
    [31m[1m>[22m[39m[90m 1315 |[39m     it([32m'successfully updated several targets (dryRun mode)'[39m[33m,[39m [36masync[39m () [33m=>[39m {
     [90m      |[39m     [31m[1m^[22m[39m
     [90m 1316 |[39m       [90m// Arrange[39m
     [90m 1317 |[39m       [36mconst[39m targets[33m:[39m [33mSnykTarget[39m[] [33m=[39m [
     [90m 1318 |[39m         {[0m

      at test/scripts/sync/sync-org-projects.test.ts:1315:5
      at test/scripts/sync/sync-org-projects.test.ts:1216:3
      at Object.<anonymous> (test/scripts/sync/sync-org-projects.test.ts:1082:1)

  ● updateOrgTargets › Github Enterprise › successfully updated several targets (dryRun mode)

    thrown: Object {
      "error": Object {
        "message": "Error calling Snyk api",
      },
      "statusCode": 500,
    }

    [0m [90m 1516 |[39m       )[33m;[39m
     [90m 1517 |[39m     })[33m;[39m
    [31m[1m>[22m[39m[90m 1518 |[39m     it([32m'successfully updated several targets (dryRun mode)'[39m[33m,[39m [36masync[39m () [33m=>[39m {
     [90m      |[39m     [31m[1m^[22m[39m
     [90m 1519 |[39m       [90m// Arrange[39m
     [90m 1520 |[39m       [36mconst[39m targets[33m:[39m [33mSnykTarget[39m[] [33m=[39m [
     [90m 1521 |[39m         {[0m

      at test/scripts/sync/sync-org-projects.test.ts:1518:5
      at test/scripts/sync/sync-org-projects.test.ts:1474:3
      at Object.<anonymous> (test/scripts/sync/sync-org-projects.test.ts:1082:1)

FAIL test/lib/org.test.ts (10.362 s)
  ● Org notification settings › Can change the notification settings for org

    thrown: "Exceeded timeout of 5000 ms for a test.
    Add a timeout value to this test to increase the timeout, if this is a long-running test. See https://jestjs.io/docs/api#testname-fn-timeout."

    [0m [90m 22 |[39m     process[33m.[39menv [33m=[39m { [33m...[39m[33mOLD_ENV[39m }[33m;[39m
     [90m 23 |[39m   }[33m,[39m [35m1000[39m)[33m;[39m
    [31m[1m>[22m[39m[90m 24 |[39m   it([32m'Can change the notification settings for org'[39m[33m,[39m [36masync[39m () [33m=>[39m {
     [90m    |[39m   [31m[1m^[22m[39m
     [90m 25 |[39m     [36mconst[39m res [33m=[39m [36mawait[39m setNotificationPreferences(
     [90m 26 |[39m       requestManager[33m,[39m
     [90m 27 |[39m       [33mORG_ID[39m[33m,[39m[0m

      at test/lib/org.test.ts:24:3
      at Object.<anonymous> (test/lib/org.test.ts:14:1)

  ● Org notification settings › Default disables all notifications

    thrown: "Exceeded timeout of 5000 ms for a test.
    Add a timeout value to this test to increase the timeout, if this is a long-running test. See https://jestjs.io/docs/api#testname-fn-timeout."

    [0m [90m 39 |[39m     })[33m;[39m
     [90m 40 |[39m   }[33m,[39m [35m5000[39m)[33m;[39m
    [31m[1m>[22m[39m[90m 41 |[39m   it([32m'Default disables all notifications'[39m[33m,[39m [36masync[39m () [33m=>[39m {
     [90m    |[39m   [31m[1m^[22m[39m
     [90m 42 |[39m     [36mconst[39m res [33m=[39m [36mawait[39m setNotificationPreferences(
     [90m 43 |[39m       requestManager[33m,[39m
     [90m 44 |[39m       [33mORG_ID[39m[33m,[39m[0m

      at test/lib/org.test.ts:41:3
      at Object.<anonymous> (test/lib/org.test.ts:14:1)

  ● listProjects › Lists projects in a given Org

    thrown: Object {
      "error": Object {
        "message": "Error calling Snyk api",
      },
      "statusCode": 500,
    }

    [0m [90m 74 |[39m     process[33m.[39menv [33m=[39m { [33m...[39m[33mOLD_ENV[39m }[33m;[39m
     [90m 75 |[39m   }[33m,[39m [35m1000[39m)[33m;[39m
    [31m[1m>[22m[39m[90m 76 |[39m   it([32m'Lists projects in a given Org'[39m[33m,[39m [36masync[39m () [33m=>[39m {
     [90m    |[39m   [31m[1m^[22m[39m
     [90m 77 |[39m     [36mconst[39m res [33m=[39m [36mawait[39m listProjects(requestManager[33m,[39m [33mORG_ID[39m)[33m;[39m
     [90m 78 |[39m     expect(res)[33m.[39mtoMatchObject({
     [90m 79 |[39m       org[33m:[39m {[0m

      at test/lib/org.test.ts:76:3
      at Object.<anonymous> (test/lib/org.test.ts:66:1)

FAIL test/scripts/sync/clone-and-analyze.spec.ts
  ● cloneAndAnalyze › Github › identifies correctly the diff between files in the repo vs monitored in Snyk (defaults to OS)

    expect(received).toStrictEqual(expected) // deep equality

    - Expected  - 0
    + Received  + 4

      Object {
        "import": Array [
    +     "Gemfile",
          "Gemfile.lock",
    +     "bundler-app/Gemfile",
    +     "bundler-app/Gemfile.lock",
    +     "no-vulns-bundler-app/Gemfile",
        ],
        "remove": Array [],
      }

    [0m [90m 83 |[39m
     [90m 84 |[39m       [90m// Assert[39m
    [31m[1m>[22m[39m[90m 85 |[39m       expect(res)[33m.[39mtoStrictEqual({
     [90m    |[39m                   [31m[1m^[22m[39m
     [90m 86 |[39m         [36mimport[39m[33m:[39m [[32m'Gemfile.lock'[39m][33m,[39m
     [90m 87 |[39m         remove[33m:[39m [][33m,[39m
     [90m 88 |[39m       })[33m;[39m[0m

      at Object.<anonymous> (test/scripts/sync/clone-and-analyze.spec.ts:85:19)

  ● cloneAndAnalyze › Github › identifies correctly the diff between files in the repo vs monitored in Snyk (with IAC enabled)

    expect(received).toStrictEqual(expected) // deep equality

    - Expected  - 0
    + Received  + 3

      Object {
        "import": Array [
    +     "Gemfile",
          "Gemfile.lock",
    +     "bundler-app/Gemfile",
          "bundler-app/Gemfile.lock",
    +     "no-vulns-bundler-app/Gemfile",
        ],
        "remove": Array [],
      }

    [0m [90m 147 |[39m
     [90m 148 |[39m       [90m// Assert[39m
    [31m[1m>[22m[39m[90m 149 |[39m       expect(res)[33m.[39mtoStrictEqual({
     [90m     |[39m                   [31m[1m^[22m[39m
     [90m 150 |[39m         [36mimport[39m[33m:[39m [[32m'Gemfile.lock'[39m[33m,[39m [32m'bundler-app/Gemfile.lock'[39m][33m,[39m
     [90m 151 |[39m         remove[33m:[39m [][33m,[39m
     [90m 152 |[39m       })[33m;[39m[0m

      at Object.<anonymous> (test/scripts/sync/clone-and-analyze.spec.ts:149:19)

  ● cloneAndAnalyze › Github › detects changes needed for a particular ecosystem (npm)

    expect(received).toStrictEqual(expected) // deep equality

    - Expected  - 0
    + Received  + 3

    @@ -1,7 +1,10 @@
      Object {
        "import": Array [
    +     "Gemfile",
    +     "bundler-app/Gemfile",
    +     "no-vulns-bundler-app/Gemfile",
          "npm-project/package.json",
        ],
        "remove": Array [
          Object {
            "branch": "master",

    [0m [90m 223 |[39m       [90m// Assert[39m
     [90m 224 |[39m       [90m// only detects which npm project need to be brought in[39m
    [31m[1m>[22m[39m[90m 225 |[39m       expect(res)[33m.[39mtoStrictEqual({
     [90m     |[39m                   [31m[1m^[22m[39m
     [90m 226 |[39m         [36mimport[39m[33m:[39m [[32m'npm-project/package.json'[39m][33m,[39m
     [90m 227 |[39m         remove[33m:[39m [
     [90m 228 |[39m           {[0m

      at Object.<anonymous> (test/scripts/sync/clone-and-analyze.spec.ts:225:19)

  ● cloneAndAnalyze › Github › no changes needed

    expect(received).toStrictEqual(expected) // deep equality

    - Expected  - 1
    + Received  + 5

      Object {
    -   "import": Array [],
    +   "import": Array [
    +     "Gemfile",
    +     "bundler-app/Gemfile",
    +     "no-vulns-bundler-app/Gemfile",
    +   ],
        "remove": Array [],
      }

    [0m [90m 314 |[39m
     [90m 315 |[39m       [90m// Assert[39m
    [31m[1m>[22m[39m[90m 316 |[39m       expect(res)[33m.[39mtoStrictEqual({
     [90m     |[39m                   [31m[1m^[22m[39m
     [90m 317 |[39m         [36mimport[39m[33m:[39m [][33m,[39m
     [90m 318 |[39m         remove[33m:[39m [][33m,[39m
     [90m 319 |[39m       })[33m;[39m[0m

      at Object.<anonymous> (test/scripts/sync/clone-and-analyze.spec.ts:316:19)

  ● cloneAndAnalyze › Github › correctly matches python files using globs

    expect(received).toStrictEqual(expected) // deep equality

    - Expected  - 4
    + Received  + 1

      Object {
    -   "import": Array [
    -     "requirements/dev.txt",
    -     "requirements/prod.txt",
    -   ],
    +   "import": Array [],
        "remove": Array [],
      }

    [0m [90m 394 |[39m       )[33m;[39m
     [90m 395 |[39m
    [31m[1m>[22m[39m[90m 396 |[39m       expect(res)[33m.[39mtoStrictEqual({
     [90m     |[39m                   [31m[1m^[22m[39m
     [90m 397 |[39m         [36mimport[39m[33m:[39m [[32m'requirements/dev.txt'[39m[33m,[39m [32m'requirements/prod.txt'[39m][33m,[39m
     [90m 398 |[39m         remove[33m:[39m [][33m,[39m
     [90m 399 |[39m       })[33m;[39m[0m

      at Object.<anonymous> (test/scripts/sync/clone-and-analyze.spec.ts:396:19)

  ● cloneAndAnalyze › Github Enterprise › identifies correctly that all files need importing since the target is empty

    Cloning into '/tmp/snyk-clone-1761055245750-0.7764705236473426XPGHek'...
    fatal: unable to access '***********************/*************/mono-repo.git/': Could not resolve host: ghe.dev.snyk.io

    [0m [90m 42 |[39m
     [90m 43 |[39m   [36mif[39m ([33m![39msuccess) {
    [31m[1m>[22m[39m[90m 44 |[39m     [36mthrow[39m [36mnew[39m [33mError[39m(gitResponse)[33m;[39m
     [90m    |[39m           [31m[1m^[22m[39m
     [90m 45 |[39m   }
     [90m 46 |[39m
     [90m 47 |[39m   [36mif[39m ([33m![39mrepoPath) {[0m

      at cloneAndAnalyze (src/scripts/sync/clone-and-analyze.ts:44:11)
      at Object.<anonymous> (test/scripts/sync/clone-and-analyze.spec.ts:422:19)

  ● cloneAndAnalyze › Github Enterprise › identifies correctly the diff between files in the repo vs monitored in Snyk (with IAC & Docker enabled)

    Cloning into '/tmp/snyk-clone-1761055245794-0.80356140337693097b9rRQ'...
    fatal: unable to access '***********************/*************/docker-goof.git/': Could not resolve host: ghe.dev.snyk.io

    [0m [90m 42 |[39m
     [90m 43 |[39m   [36mif[39m ([33m![39msuccess) {
    [31m[1m>[22m[39m[90m 44 |[39m     [36mthrow[39m [36mnew[39m [33mError[39m(gitResponse)[33m;[39m
     [90m    |[39m           [31m[1m^[22m[39m
     [90m 45 |[39m   }
     [90m 46 |[39m
     [90m 47 |[39m   [36mif[39m ([33m![39mrepoPath) {[0m

      at cloneAndAnalyze (src/scripts/sync/clone-and-analyze.ts:44:11)
      at Object.<anonymous> (test/scripts/sync/clone-and-analyze.spec.ts:459:19)

  ● cloneAndAnalyze › Github Enterprise › repo appears empty when entitlements not enabled

    Cloning into '/tmp/snyk-clone-1761055245831-0.8115660868101637T5h9Ju'...
    fatal: unable to access '***********************/*************/docker-goof.git/': Could not resolve host: ghe.dev.snyk.io

    [0m [90m 42 |[39m
     [90m 43 |[39m   [36mif[39m ([33m![39msuccess) {
    [31m[1m>[22m[39m[90m 44 |[39m     [36mthrow[39m [36mnew[39m [33mError[39m(gitResponse)[33m;[39m
     [90m    |[39m           [31m[1m^[22m[39m
     [90m 45 |[39m   }
     [90m 46 |[39m
     [90m 47 |[39m   [36mif[39m ([33m![39mrepoPath) {[0m

      at cloneAndAnalyze (src/scripts/sync/clone-and-analyze.ts:44:11)
      at Object.<anonymous> (test/scripts/sync/clone-and-analyze.spec.ts:489:19)

FAIL test/scripts/import-projects.test.ts (155.918 s)
  ● Import Projects › Import projects script › succeeds to import targets from file for Github

    expect(received).toMatchObject(expected)

    Matcher error: received value must be a non-null object

    Received has value: undefined

    [0m [90m 45 |[39m       )[33m;[39m
     [90m 46 |[39m       expect(projects)[33m.[39mnot[33m.[39mtoBe([])[33m;[39m
    [31m[1m>[22m[39m[90m 47 |[39m       expect(projects[[35m0[39m])[33m.[39mtoMatchObject({
     [90m    |[39m                           [31m[1m^[22m[39m
     [90m 48 |[39m         projectUrl[33m:[39m expect[33m.[39many([33mString[39m)[33m,[39m
     [90m 49 |[39m         success[33m:[39m [36mtrue[39m[33m,[39m
     [90m 50 |[39m         targetFile[33m:[39m expect[33m.[39many([33mString[39m)[33m,[39m[0m

      at Object.<anonymous> (test/scripts/import-projects.test.ts:47:27)

  ● Import Projects › Import projects script › succeeds to import Gitlab project from file

    expect(received).toMatchObject(expected)

    Matcher error: received value must be a non-null object

    Received has value: undefined

    [0m [90m 70 |[39m
     [90m 71 |[39m       expect(projects)[33m.[39mnot[33m.[39mtoBe([])[33m;[39m
    [31m[1m>[22m[39m[90m 72 |[39m       expect(projects[[35m0[39m])[33m.[39mtoMatchObject({
     [90m    |[39m                           [31m[1m^[22m[39m
     [90m 73 |[39m         projectUrl[33m:[39m expect[33m.[39many([33mString[39m)[33m,[39m
     [90m 74 |[39m         success[33m:[39m [36mtrue[39m[33m,[39m
     [90m 75 |[39m         targetFile[33m:[39m expect[33m.[39many([33mString[39m)[33m,[39m[0m

      at Object.<anonymous> (test/scripts/import-projects.test.ts:72:27)

  ● Import Projects › Skips & logs issues › Logs failed when API errors

    ENOENT: no such file or directory, open '/home/circleci/project/test/scripts/fixtures/failed-batch-log/************************************.failed-imports.log'

    [0m [90m 182 |[39m         expect(logFile)[33m.[39mtoBeNull()[33m;[39m
     [90m 183 |[39m       }
    [31m[1m>[22m[39m[90m 184 |[39m       [36mconst[39m failedLog [33m=[39m fs[33m.[39mreadFileSync(logFiles[33m.[39mfailedImportLogPath[33m,[39m [32m'utf8'[39m)[33m;[39m
     [90m     |[39m                            [31m[1m^[22m[39m
     [90m 185 |[39m       expect(failedLog)[33m.[39mtoMatch([32m'ruby-with-versions'[39m)[33m;[39m
     [90m 186 |[39m       [90m// delete auto generated folder[39m
     [90m 187 |[39m       [36mtry[39m {[0m

      at Object.<anonymous> (test/scripts/import-projects.test.ts:184:28)

  ● Import Projects › Skips & logs issues › Logs failed projects

    ENOENT: no such file or directory, open '/home/circleci/project/test/scripts/fixtures/projects-with-errors/imported-targets.log'

    [0m [90m 200 |[39m         )[33m,[39m
     [90m 201 |[39m       )[33m;[39m
    [31m[1m>[22m[39m[90m 202 |[39m       [36mconst[39m logFile [33m=[39m fs[33m.[39mreadFileSync(logFiles[33m.[39mimportLogPath[33m,[39m [32m'utf8'[39m)[33m;[39m
     [90m     |[39m                          [31m[1m^[22m[39m
     [90m 203 |[39m       expect(logFile)[33m.[39mnot[33m.[39mtoBeNull()[33m;[39m
     [90m 204 |[39m       [36mconst[39m batchesLogFile [33m=[39m fs[33m.[39mreadFileSync(
     [90m 205 |[39m         logFiles[33m.[39mimportedBatchesLogPath[33m,[39m[0m

      at Object.<anonymous> (test/scripts/import-projects.test.ts:202:26)

  ● Import Projects › No projects scenarios › succeeds to complete import targets from empty repo

    ENOENT: no such file or directory, open '/home/circleci/project/test/scripts/fixtures/empty-target/import-job-results.log'

    [0m [90m 305 |[39m       [90m// give file a little time to be finished to be written[39m
     [90m 306 |[39m       [36mawait[39m [36mnew[39m [33mPromise[39m((r) [33m=>[39m setTimeout(r[33m,[39m [35m30000[39m))[33m;[39m
    [31m[1m>[22m[39m[90m 307 |[39m       [36mconst[39m logFile [33m=[39m fs[33m.[39mreadFileSync(logFiles[33m.[39mimportJobsLogPath[33m,[39m [32m'utf8'[39m)[33m;[39m
     [90m     |[39m                          [31m[1m^[22m[39m
     [90m 308 |[39m       expect(logFile)[33m.[39mtoMatch([32m`"status":"complete","projects":[]}`[39m)[33m;[39m
     [90m 309 |[39m       expect(logFile)[33m.[39mtoMatch(
     [90m 310 |[39m         [32m`"logs":[{"name":"api-import-circle-test/empty-repo"`[39m[33m,[39m[0m

      at Object.<anonymous> (test/scripts/import-projects.test.ts:307:26)

  ● Import Projects › No projects scenarios › succeeds to complete import from repo with no supported manifests

    ENOENT: no such file or directory, open '/home/circleci/project/test/scripts/fixtures/no-supported-manifests/import-job-results.log'

    [0m [90m 328 |[39m       [90m// give file a little time to be finished to be written[39m
     [90m 329 |[39m       [36mawait[39m [36mnew[39m [33mPromise[39m((r) [33m=>[39m setTimeout(r[33m,[39m [35m5000[39m))[33m;[39m
    [31m[1m>[22m[39m[90m 330 |[39m       [36mconst[39m logFile [33m=[39m fs[33m.[39mreadFileSync(logFiles[33m.[39mimportJobsLogPath[33m,[39m [32m'utf8'[39m)[33m;[39m
     [90m     |[39m                          [31m[1m^[22m[39m
     [90m 331 |[39m       expect(logFile)[33m.[39mtoMatch([32m`"status":"complete","projects":[]}`[39m)[33m;[39m
     [90m 332 |[39m       expect(logFile)[33m.[39mtoMatch(
     [90m 333 |[39m         [32m`"logs":[{"name":"api-import-circle-test/no-supported-manifests"`[39m[33m,[39m[0m

      at Object.<anonymous> (test/scripts/import-projects.test.ts:330:26)

FAIL test/scripts/generate-imported-targets-from-snyk.test.ts
  ● Generate imported targets based on Snyk data › succeeds to generate targets for Group for Github & GHE

    thrown: Object {
      "error": Object {
        "message": "Error calling Snyk api",
      },
      "statusCode": 500,
    }

    [0m [90m 30 |[39m   })[33m;[39m
     [90m 31 |[39m
    [31m[1m>[22m[39m[90m 32 |[39m   it([32m'succeeds to generate targets for Group for Github & GHE'[39m[33m,[39m [36masync[39m () [33m=>[39m {
     [90m    |[39m   [31m[1m^[22m[39m
     [90m 33 |[39m     [36mconst[39m logFiles [33m=[39m generateLogsPaths(__dirname[33m,[39m [33mORG_ID[39m)[33m;[39m
     [90m 34 |[39m     logs [33m=[39m [33mObject[39m[33m.[39mvalues(logFiles)[33m;[39m
     [90m 35 |[39m     [36mconst[39m { targets[33m,[39m failedOrgs[33m,[39m fileName } [33m=[39m [36mawait[39m generateSnykImportedTargets([0m

      at test/scripts/generate-imported-targets-from-snyk.test.ts:32:3
      at Object.<anonymous> (test/scripts/generate-imported-targets-from-snyk.test.ts:20:1)

  ● Generate imported targets based on Snyk data › succeeds to generate targets for Org + Gitlab

    expect(received).toEqual(expected) // deep equality

    - Expected  - 1
    + Received  + 5

    - Array []
    + Array [
    +   Object {
    +     "id": "************************************",
    +   },
    + ]

    [0m [90m 67 |[39m       [[33mSupportedIntegrationTypesToListSnykTargets[39m[33m.[39m[33mGITHUB[39m][33m,[39m
     [90m 68 |[39m     )[33m;[39m
    [31m[1m>[22m[39m[90m 69 |[39m     expect(failedOrgs)[33m.[39mtoEqual([])[33m;[39m
     [90m    |[39m                        [31m[1m^[22m[39m
     [90m 70 |[39m     expect(fileName)[33m.[39mtoEqual(path[33m.[39mresolve(__dirname[33m,[39m [33mIMPORT_LOG_NAME[39m))[33m;[39m
     [90m 71 |[39m     expect(targets[[35m0[39m])[33m.[39mtoMatchObject({
     [90m 72 |[39m       integrationId[33m:[39m expect[33m.[39many([33mString[39m)[33m,[39m[0m

      at Object.<anonymous> (test/scripts/generate-imported-targets-from-snyk.test.ts:69:24)

  ● Generate imported targets based on Snyk data › succeeds to generate targets for Org + Azure

    expect(received).toEqual(expected) // deep equality

    - Expected  - 1
    + Received  + 5

    - Array []
    + Array [
    +   Object {
    +     "id": "************************************",
    +   },
    + ]

    [0m [90m 93 |[39m       [[33mSupportedIntegrationTypesToListSnykTargets[39m[33m.[39m[33mAZURE_REPOS[39m][33m,[39m
     [90m 94 |[39m     )[33m;[39m
    [31m[1m>[22m[39m[90m 95 |[39m     expect(failedOrgs)[33m.[39mtoEqual([])[33m;[39m
     [90m    |[39m                        [31m[1m^[22m[39m
     [90m 96 |[39m     expect(fileName)[33m.[39mtoEqual(path[33m.[39mresolve(__dirname[33m,[39m [33mIMPORT_LOG_NAME[39m))[33m;[39m
     [90m 97 |[39m     expect(targets[[35m0[39m])[33m.[39mtoMatchObject({
     [90m 98 |[39m       integrationId[33m:[39m expect[33m.[39many([33mString[39m)[33m,[39m[0m

      at Object.<anonymous> (test/scripts/generate-imported-targets-from-snyk.test.ts:95:24)

  ● Generate imported targets based on Snyk data › succeeds to generate targets for Org + Bitbucket server

    expect(received).toEqual(expected) // deep equality

    - Expected  - 1
    + Received  + 5

    - Array []
    + Array [
    +   Object {
    +     "id": "************************************",
    +   },
    + ]

    [0m [90m 119 |[39m       [[33mSupportedIntegrationTypesToListSnykTargets[39m[33m.[39m[33mBITBUCKET_SERVER[39m][33m,[39m
     [90m 120 |[39m     )[33m;[39m
    [31m[1m>[22m[39m[90m 121 |[39m     expect(failedOrgs)[33m.[39mtoEqual([])[33m;[39m
     [90m     |[39m                        [31m[1m^[22m[39m
     [90m 122 |[39m     expect(fileName)[33m.[39mtoEqual(path[33m.[39mresolve(__dirname[33m,[39m [33mIMPORT_LOG_NAME[39m))[33m;[39m
     [90m 123 |[39m     expect(targets[[35m0[39m])[33m.[39mtoMatchObject({
     [90m 124 |[39m       integrationId[33m:[39m expect[33m.[39many([33mString[39m)[33m,[39m[0m

      at Object.<anonymous> (test/scripts/generate-imported-targets-from-snyk.test.ts:121:24)

  ● Generate imported targets based on Snyk data › succeeds to generate targets for Group for Bitbucket Cloud

    thrown: Object {
      "error": Object {
        "message": "Error calling Snyk api",
      },
      "statusCode": 500,
    }

    [0m [90m 137 |[39m   }[33m,[39m [35m240000[39m)[33m;[39m
     [90m 138 |[39m
    [31m[1m>[22m[39m[90m 139 |[39m   it([32m'succeeds to generate targets for Group for Bitbucket Cloud'[39m[33m,[39m [36masync[39m () [33m=>[39m {
     [90m     |[39m   [31m[1m^[22m[39m
     [90m 140 |[39m     [36mconst[39m logFiles [33m=[39m generateLogsPaths(__dirname[33m,[39m [33mORG_ID[39m)[33m;[39m
     [90m 141 |[39m     logs [33m=[39m [33mObject[39m[33m.[39mvalues(logFiles)[33m;[39m
     [90m 142 |[39m     [36mconst[39m { targets[33m,[39m failedOrgs[33m,[39m fileName } [33m=[39m [36mawait[39m generateSnykImportedTargets([0m

      at test/scripts/generate-imported-targets-from-snyk.test.ts:139:3
      at Object.<anonymous> (test/scripts/generate-imported-targets-from-snyk.test.ts:20:1)

  ● Generate imported targets based on Snyk data › succeeds to generate targets for Org + Bitbucket Cloud

    expect(received).toEqual(expected) // deep equality

    - Expected  - 1
    + Received  + 5

    - Array []
    + Array [
    +   Object {
    +     "id": "************************************",
    +   },
    + ]

    [0m [90m 170 |[39m       [[33mSupportedIntegrationTypesToListSnykTargets[39m[33m.[39m[33mBITBUCKET_CLOUD[39m][33m,[39m
     [90m 171 |[39m     )[33m;[39m
    [31m[1m>[22m[39m[90m 172 |[39m     expect(failedOrgs)[33m.[39mtoEqual([])[33m;[39m
     [90m     |[39m                        [31m[1m^[22m[39m
     [90m 173 |[39m     expect(fileName)[33m.[39mtoEqual(path[33m.[39mresolve(__dirname[33m,[39m [33mIMPORT_LOG_NAME[39m))[33m;[39m
     [90m 174 |[39m     expect(targets[[35m0[39m])[33m.[39mtoMatchObject({
     [90m 175 |[39m       integrationId[33m:[39m expect[33m.[39many([33mString[39m)[33m,[39m[0m

      at Object.<anonymous> (test/scripts/generate-imported-targets-from-snyk.test.ts:172:24)

FAIL test/scripts/generate-targets-data.test.ts (71.677 s)
  ● generateTargetsImportDataFile Github script › generate Github repo data

    thrown: "Exceeded timeout of 20000 ms for a test.
    Add a timeout value to this test to increase the timeout, if this is a long-running test. See https://jestjs.io/docs/api#testname-fn-timeout."

    [0m [90m 14 |[39m     [36mawait[39m deleteFiles(filesToDelete)[33m;[39m
     [90m 15 |[39m   })[33m;[39m
    [31m[1m>[22m[39m[90m 16 |[39m   it([32m'generate Github repo data'[39m[33m,[39m [36masync[39m () [33m=>[39m {
     [90m    |[39m   [31m[1m^[22m[39m
     [90m 17 |[39m     filesToDelete[33m.[39mpush(
     [90m 18 |[39m       path[33m.[39mresolve(__dirname [33m+[39m [32m'/github-enterprise-import-targets.json'[39m)[33m,[39m
     [90m 19 |[39m     )[33m;[39m[0m

      at test/scripts/generate-targets-data.test.ts:16:3
      at Object.<anonymous> (test/scripts/generate-targets-data.test.ts:8:1)

  ● generateTargetsImportDataFile Github script › generate Github Enterprise repo data

    thrown: "Exceeded timeout of 20000 ms for a test.
    Add a timeout value to this test to increase the timeout, if this is a long-running test. See https://jestjs.io/docs/api#testname-fn-timeout."

    [0m [90m 50 |[39m   }[33m,[39m [35m20000[39m)[33m;[39m
     [90m 51 |[39m
    [31m[1m>[22m[39m[90m 52 |[39m   it([32m'generate Github Enterprise repo data'[39m[33m,[39m [36masync[39m () [33m=>[39m {
     [90m    |[39m   [31m[1m^[22m[39m
     [90m 53 |[39m     process[33m.[39menv[33m.[39m[33mGITHUB_TOKEN[39m [33m=[39m process[33m.[39menv[33m.[39m[33mTEST_GHE_TOKEN[39m[33m;[39m
     [90m 54 |[39m     [36mconst[39m [33mGHE_URL[39m [33m=[39m process[33m.[39menv[33m.[39m[33mTEST_GHE_URL[39m[33m;[39m
     [90m 55 |[39m     filesToDelete[33m.[39mpush([0m

      at test/scripts/generate-targets-data.test.ts:52:3
      at Object.<anonymous> (test/scripts/generate-targets-data.test.ts:8:1)

  ● generateTargetsImportDataFile Github script › Duplicate orgs are ignored

    thrown: "Exceeded timeout of 30000 ms for a test.
    Add a timeout value to this test to increase the timeout, if this is a long-running test. See https://jestjs.io/docs/api#testname-fn-timeout."

    [0m [90m 110 |[39m     )[33m;[39m
     [90m 111 |[39m   }[33m,[39m [35m30000[39m)[33m;[39m
    [31m[1m>[22m[39m[90m 112 |[39m   it([32m'Duplicate orgs are ignored'[39m[33m,[39m [36masync[39m () [33m=>[39m {
     [90m     |[39m   [31m[1m^[22m[39m
     [90m 113 |[39m     filesToDelete[33m.[39mpush(path[33m.[39mresolve(__dirname [33m+[39m [32m'/github-import-targets.json'[39m))[33m;[39m
     [90m 114 |[39m     [36mconst[39m orgsData[33m:[39m [33mCreatedOrg[39m[] [33m=[39m [
     [90m 115 |[39m       {[0m

      at test/scripts/generate-targets-data.test.ts:112:3
      at Object.<anonymous> (test/scripts/generate-targets-data.test.ts:8:1)

FAIL test/system/list:imported.test.ts (46.972 s)
  ● `snyk-api-import list:imported <...>` › Shows help text as expected

    expect(received).toMatchInlineSnapshot(snapshot)

    Snapshot name: `\`snyk-api-import list:imported <...>\` Shows help text as expected 1`

    - Snapshot  - 4
    + Received  + 5

    @@ -15,10 +15,11 @@
        --integrationType  The configured integration type (source of the projects in
                           Snyk e.g. Github, Github Enterprise.). This will be used to
                           pick the correct integrationID from each org in Snyk E.g.
                           --integrationType=github,
                           --integrationType=github-enterprise
    -    [required] [choices: "github", "github-enterprise", "bitbucket-cloud", "gcr",
    -             "docker-hub", "gitlab", "azure-repos", "bitbucket-server"] [default:
    +          [required] [choices: "github", "github-cloud-app", "github-enterprise",
    +                 "bitbucket-cloud", "gcr", "docker-hub", "gitlab", "azure-repos",
    +                                                    "bitbucket-server"] [default:
    -   ["github","github-enterprise","bitbucket-cloud","gcr","docker-hub","gitlab","a
    +   ["github","github-cloud-app","github-enterprise","bitbucket-cloud","gcr","dock
    -                                                 zure-repos","bitbucket-server"]]
    +                              er-hub","gitlab","azure-repos","bitbucket-server"]]
      "

    [0m [90m 20 |[39m       }
     [90m 21 |[39m       expect(err)[33m.[39mtoBeNull()[33m;[39m
    [31m[1m>[22m[39m[90m 22 |[39m       expect(stdout)[33m.[39mtoMatchInlineSnapshot([32m`[39m
     [90m    |[39m                      [31m[1m^[22m[39m
     [90m 23 |[39m [32m        "index.js list:imported[39m
     [90m 24 |[39m [32m[39m
     [90m 25 |[39m [32m        List all targets imported in Snyk for a given group & source type. An analysis[39m[0m

      at test/system/list:imported.test.ts:22:22

  ● `snyk-api-import list:imported <...>` › Generates Snyk imported targets data as expected for github + Group

    expect(received).toEqual(expected) // deep equality

    Expected: 0
    Received: 1

    [0m [90m 81 |[39m       }[33m,[39m
     [90m 82 |[39m     )[33m.[39mon([32m'exit'[39m[33m,[39m (code) [33m=>[39m {
    [31m[1m>[22m[39m[90m 83 |[39m       expect(code)[33m.[39mtoEqual([35m0[39m)[33m;[39m
     [90m    |[39m                    [31m[1m^[22m[39m
     [90m 84 |[39m       done()[33m;[39m
     [90m 85 |[39m     })[33m;[39m
     [90m 86 |[39m   }[33m,[39m [35m20000[39m)[33m;[39m[0m

      at ChildProcess.<anonymous> (test/system/list:imported.test.ts:83:20)

  ● `snyk-api-import list:imported <...>` › Generates Snyk imported targets data as expected for github + Group

    thrown: "Exceeded timeout of 20000 ms for a test while waiting for `done()` to be called.
    Add a timeout value to this test to increase the timeout, if this is a long-running test. See https://jestjs.io/docs/api#testname-fn-timeout."

    [0m [90m 52 |[39m   }[33m,[39m [35m20000[39m)[33m;[39m
     [90m 53 |[39m
    [31m[1m>[22m[39m[90m 54 |[39m   it([32m'Generates Snyk imported targets data as expected for github + Group'[39m[33m,[39m (done) [33m=>[39m {
     [90m    |[39m   [31m[1m^[22m[39m
     [90m 55 |[39m     exec(
     [90m 56 |[39m       [32m`node ${main} list:imported --integrationType=github --groupId=${GROUP_ID}`[39m[33m,[39m
     [90m 57 |[39m       {[0m

      at test/system/list:imported.test.ts:54:3
      at Object.<anonymous> (test/system/list:imported.test.ts:8:1)

  ● `snyk-api-import list:imported <...>` › Generates Snyk imported targets data as expected for all integrations by default for an Org

    expect(received).toEqual(expected) // deep equality

    Expected: ""
    Received: "app.dev.snyk.io seems invalid and should look like https://api.snyk.io or https://api.<REGION>.snyk.io.
    Failed to process projects for organization ************************************. Continuing.
    No targets could be generated. Could the organization ************************************ be empty?
    Failed to process the following orgs: ************************************
    "

    [0m [90m 101 |[39m           [36mthrow[39m err[33m;[39m
     [90m 102 |[39m         }
    [31m[1m>[22m[39m[90m 103 |[39m         expect(stderr)[33m.[39mtoEqual([32m''[39m)[33m;[39m
     [90m     |[39m                        [31m[1m^[22m[39m
     [90m 104 |[39m         expect(err)[33m.[39mtoBeNull()[33m;[39m
     [90m 105 |[39m         expect(stdout[33m.[39mtrim())[33m.[39mtoMatch(
     [90m 106 |[39m           [32m`target(s). Written the data to file: ${path.resolve([39m[0m

      at test/system/list:imported.test.ts:103:24

  ● `snyk-api-import list:imported <...>` › Generates Snyk imported targets data as expected for multiple integrations for an Org

    expect(received).toEqual(expected) // deep equality

    Expected: ""
    Received: "app.dev.snyk.io seems invalid and should look like https://api.snyk.io or https://api.<REGION>.snyk.io.
    Failed to process projects for organization ************************************. Continuing.
    No targets could be generated. Could the organization ************************************ be empty?
    Failed to process the following orgs: ************************************
    "

    [0m [90m 132 |[39m           [36mthrow[39m err[33m;[39m
     [90m 133 |[39m         }
    [31m[1m>[22m[39m[90m 134 |[39m         expect(stderr)[33m.[39mtoEqual([32m''[39m)[33m;[39m
     [90m     |[39m                        [31m[1m^[22m[39m
     [90m 135 |[39m         expect(err)[33m.[39mtoBeNull()[33m;[39m
     [90m 136 |[39m         expect(stdout[33m.[39mtrim())[33m.[39mtoMatch(
     [90m 137 |[39m           [32m`target(s). Written the data to file: ${path.resolve([39m[0m

      at test/system/list:imported.test.ts:134:24

  ● `snyk-api-import list:imported <...>` › Generates Snyk imported targets data as expected for an Org

    expect(received).toEqual(expected) // deep equality

    Expected: ""
    Received: "app.dev.snyk.io seems invalid and should look like https://api.snyk.io or https://api.<REGION>.snyk.io.
    Failed to process projects for organization ************************************. Continuing.
    No targets could be generated. Could the organization ************************************ be empty?
    Failed to process the following orgs: ************************************
    "

    [0m [90m 163 |[39m           [36mthrow[39m err[33m;[39m
     [90m 164 |[39m         }
    [31m[1m>[22m[39m[90m 165 |[39m         expect(stderr)[33m.[39mtoEqual([32m''[39m)[33m;[39m
     [90m     |[39m                        [31m[1m^[22m[39m
     [90m 166 |[39m         expect(err)[33m.[39mtoBeNull()[33m;[39m
     [90m 167 |[39m         expect(stdout[33m.[39mtrim())[33m.[39mtoMatch(
     [90m 168 |[39m           [32m`repo(s). Written the data to file: ${path.resolve([39m[0m

      at test/system/list:imported.test.ts:165:24

FAIL test/scripts/generate-org-data.test.ts (5.995 s)
  ● generateOrgImportDataFile Github script › generate Github Orgs data and skips empty orgs

    expect(received).toBeTruthy()

    Received: false

    [0m [90m 49 |[39m     )[33m;[39m
     [90m 50 |[39m     expect(res[33m.[39mfileName)[33m.[39mtoEqual([32m'group-groupIdExample-github-com-orgs.json'[39m)[33m;[39m
    [31m[1m>[22m[39m[90m 51 |[39m     expect(res[33m.[39morgs[33m.[39mlength [33m>[39m [35m0[39m)[33m.[39mtoBeTruthy()[33m;[39m
     [90m    |[39m                                 [31m[1m^[22m[39m
     [90m 52 |[39m     expect(res[33m.[39mskippedEmptyOrgs[33m.[39mlength)[33m.[39mtoBeGreaterThanOrEqual([35m0[39m)[33m;[39m
     [90m 53 |[39m     expect(res[33m.[39morgs[[35m0[39m])[33m.[39mtoEqual({
     [90m 54 |[39m       name[33m:[39m expect[33m.[39many([33mString[39m)[33m,[39m[0m

      at Object.<anonymous> (test/scripts/generate-org-data.test.ts:51:33)

  ● generateOrgImportDataFile Github script › generate Github Enterprise Orgs data

    HttpError: Unknown Error

      at node_modules/@octokit/request/dist-bundle/index.js:76:26
      at Generator.call (node_modules/@octokit/request/dist-bundle/index.js:2:1)
      at Generator._invoke [as throw] (node_modules/@octokit/request/dist-bundle/index.js:2:1)
      at asyncGeneratorStep (node_modules/@octokit/request/dist-bundle/index.js:2:1)
      at asyncGeneratorStep (node_modules/@octokit/request/dist-bundle/index.js:2:1)

    Cause:
    TypeError: fetch failed



    Cause:
    getaddrinfo ENOTFOUND ghe.dev.snyk.io



  ● generateOrgImportDataFile Github script › generate Github Enterprise Orgs data & skips empty Orgs

    HttpError: Unknown Error

      at node_modules/@octokit/request/dist-bundle/index.js:76:26
      at Generator.call (node_modules/@octokit/request/dist-bundle/index.js:2:1)
      at Generator._invoke [as throw] (node_modules/@octokit/request/dist-bundle/index.js:2:1)
      at asyncGeneratorStep (node_modules/@octokit/request/dist-bundle/index.js:2:1)
      at asyncGeneratorStep (node_modules/@octokit/request/dist-bundle/index.js:2:1)

    Cause:
    TypeError: fetch failed



    Cause:
    getaddrinfo ENOTFOUND ghe.dev.snyk.io



  ● generateOrgImportDataFile Bitbucket Cloud script › generate Bitbucket Cloud Orgs data

    {}

    [0m [90m 41 |[39m       pageCount[33m++[39m[33m;[39m
     [90m 42 |[39m     } [36mcatch[39m (err) {
    [31m[1m>[22m[39m[90m 43 |[39m       [36mthrow[39m [36mnew[39m [33mError[39m([33mJSON[39m[33m.[39mstringify(err))[33m;[39m
     [90m    |[39m             [31m[1m^[22m[39m
     [90m 44 |[39m     }
     [90m 45 |[39m   }
     [90m 46 |[39m   [36mreturn[39m workspacesList[33m;[39m[0m

      at fetchAllWorkspaces (src/lib/source-handlers/bitbucket-cloud/list-workspaces.ts:43:13)
      at Object.listBitbucketCloudWorkspaces [as bitbucket-cloud] (src/lib/source-handlers/bitbucket-cloud/list-workspaces.ts:93:22)
      at generateOrgImportDataFile (src/scripts/generate-org-data.ts:89:28)
      at Object.<anonymous> (test/scripts/generate-org-data.test.ts:246:17)

FAIL test/system/sync.test.ts
  ● `snyk-api-import sync <...>` › Shows help text as expected

    TypeError: Cannot read properties of undefined (reading 'on')

    [0m [90m 56 |[39m         [32m'Sync targets (e.g. repos) and their projects between Snyk and SCM for a given'[39m[33m,[39m
     [90m 57 |[39m       )[33m;[39m
    [31m[1m>[22m[39m[90m 58 |[39m     })[33m.[39mon([32m'exit'[39m[33m,[39m (code) [33m=>[39m {
     [90m    |[39m       [31m[1m^[22m[39m
     [90m 59 |[39m       expect(code)[33m.[39mtoEqual([35m0[39m)[33m;[39m
     [90m 60 |[39m       done()[33m;[39m
     [90m 61 |[39m     })[33m;[39m[0m

      at Object.<anonymous> (test/system/sync.test.ts:58:7)

  ● `snyk-api-import sync <...>` › fails when given a bad/non-existent org ID `123456789`

    TypeError: Cannot read properties of undefined (reading 'on')

    [0m [90m 89 |[39m         expect(stdout)[33m.[39mtoMatch([32m'Running sync for github projects in org'[39m)[33m;[39m
     [90m 90 |[39m       }[33m,[39m
    [31m[1m>[22m[39m[90m 91 |[39m     )[33m.[39mon([32m'exit'[39m[33m,[39m (code) [33m=>[39m {
     [90m    |[39m      [31m[1m^[22m[39m
     [90m 92 |[39m       expect(code)[33m.[39mtoEqual([35m1[39m)[33m;[39m
     [90m 93 |[39m       done()[33m;[39m
     [90m 94 |[39m     })[33m;[39m[0m

      at Object.<anonymous> (test/system/sync.test.ts:91:6)

  ● `snyk-api-import sync <...>` › fails when several sources are provided

    TypeError: Cannot read properties of undefined (reading 'on')

    [0m [90m 117 |[39m         expect(stdout)[33m.[39mtoMatch([32m''[39m)[33m;[39m
     [90m 118 |[39m       }[33m,[39m
    [31m[1m>[22m[39m[90m 119 |[39m     )[33m.[39mon([32m'exit'[39m[33m,[39m (code) [33m=>[39m {
     [90m     |[39m      [31m[1m^[22m[39m
     [90m 120 |[39m       expect(code)[33m.[39mtoEqual([35m1[39m)[33m;[39m
     [90m 121 |[39m       done()[33m;[39m
     [90m 122 |[39m     })[33m;[39m[0m

      at Object.<anonymous> (test/system/sync.test.ts:119:6)

  ● `snyk-api-import sync <...>` › throws an error for an unsupported SCM like Bitbucket Server

    TypeError: Cannot read properties of undefined (reading 'on')

    [0m [90m 142 |[39m         )[33m;[39m
     [90m 143 |[39m       }[33m,[39m
    [31m[1m>[22m[39m[90m 144 |[39m     )[33m.[39mon([32m'exit'[39m[33m,[39m (code) [33m=>[39m {
     [90m     |[39m      [31m[1m^[22m[39m
     [90m 145 |[39m       expect(code)[33m.[39mtoEqual([35m1[39m)[33m;[39m
     [90m 146 |[39m       done()[33m;[39m
     [90m 147 |[39m     })[33m;[39m[0m

      at Object.<anonymous> (test/system/sync.test.ts:144:6)

  ● `snyk-api-import sync <...>` › Throws an error for if source auth details are not provided

    TypeError: Cannot read properties of undefined (reading 'on')

    [0m [90m 175 |[39m         expect(stdout)[33m.[39mtoMatch([32m'Running sync for github projects in org'[39m)[33m;[39m
     [90m 176 |[39m       }[33m,[39m
    [31m[1m>[22m[39m[90m 177 |[39m     )[33m.[39mon([32m'exit'[39m[33m,[39m (code) [33m=>[39m {
     [90m     |[39m      [31m[1m^[22m[39m
     [90m 178 |[39m       expect(code)[33m.[39mtoEqual([35m1[39m)[33m;[39m
     [90m 179 |[39m       done()[33m;[39m
     [90m 180 |[39m     })[33m;[39m[0m

      at Object.<anonymous> (test/system/sync.test.ts:177:6)

  ● `snyk-api-import sync <...>` › Successfully generates synced logs in --dryRun mode

    TypeError: Cannot read properties of undefined (reading 'on')

    [0m [90m 213 |[39m         deleteFiles([updatedLog])[33m;[39m
     [90m 214 |[39m       }[33m,[39m
    [31m[1m>[22m[39m[90m 215 |[39m     )[33m.[39mon([32m'exit'[39m[33m,[39m (code) [33m=>[39m {
     [90m     |[39m      [31m[1m^[22m[39m
     [90m 216 |[39m       expect(code)[33m.[39mtoEqual([35m0[39m)[33m;[39m
     [90m 217 |[39m       done()[33m;[39m
     [90m 218 |[39m     })[33m;[39m[0m

      at Object.<anonymous> (test/system/sync.test.ts:215:6)

FAIL test/system/orgs:create.test.ts (50.247 s)
  ● `snyk-api-import help <...>` › Fails to create orgs in --noDuplicateNames mode when org already exists

    expect(received).toContain(expected) // indexOf

    Expected substring: "Refusing to create a duplicate organization"
    Received string:    "{\"origName\":\"***************************\",\"groupId\":\"************************************\",\"msg\":\"Failed to create org\",\"time\":\"2025-10-21T14:05:42.607Z\",\"v\":0}"

    [0m [90m 152 |[39m         [32m'utf8'[39m[33m,[39m
     [90m 153 |[39m       )[33m;[39m
    [31m[1m>[22m[39m[90m 154 |[39m       expect(file)[33m.[39mtoContain([32m'Refusing to create a duplicate organization'[39m)[33m;[39m
     [90m     |[39m                    [31m[1m^[22m[39m
     [90m 155 |[39m       deleteFiles([
     [90m 156 |[39m         path[33m.[39mresolve(logPath[33m,[39m [32m`${GROUP_ID}.${FAILED_ORG_LOG_NAME}`[39m)[33m,[39m
     [90m 157 |[39m       ])[33m;[39m[0m

      at ChildProcess.<anonymous> (test/system/orgs:create.test.ts:154:20)

  ● `snyk-api-import help <...>` › Fails to create orgs in --noDuplicateNames mode when org already exists

    thrown: "Exceeded timeout of 40000 ms for a test while waiting for `done()` to be called.
    Add a timeout value to this test to increase the timeout, if this is a long-running test. See https://jestjs.io/docs/api#testname-fn-timeout."

    [0m [90m 119 |[39m   }[33m,[39m [35m40000[39m)[33m;[39m
     [90m 120 |[39m
    [31m[1m>[22m[39m[90m 121 |[39m   it([32m'Fails to create orgs in --noDuplicateNames mode when org already exists '[39m[33m,[39m (done) [33m=>[39m {
     [90m     |[39m   [31m[1m^[22m[39m
     [90m 122 |[39m     [36mconst[39m pathToBadJson [33m=[39m path[33m.[39mresolve(
     [90m 123 |[39m       __dirname [33m+[39m
     [90m 124 |[39m         [32m'/fixtures/create-orgs/fails-to-create/already-exists/1-org.json'[39m[33m,[39m[0m

      at test/system/orgs:create.test.ts:121:3
      at Object.<anonymous> (test/system/orgs:create.test.ts:8:1)

FAIL test/system/import:data.test.ts (56.595 s)
  ● `snyk-api-import import:data <...>` › Shows help text as expected

    expect(received).toMatchInlineSnapshot(snapshot)

    Snapshot name: `\`snyk-api-import import:data <...>\` Shows help text as expected 1`

    - Snapshot  - 2
    + Received  + 3

    @@ -10,9 +10,10 @@
        --orgsData   Path to organizations data file generated with "orgs:create"
                     command                                                [required]
        --source     The source of the targets to be imported e.g. Github, Github
                     Enterprise, Gitlab, Azure. This will be used to make an API call
                     to list all available entities per org
    -     [required] [choices: "github", "github-enterprise", "gitlab", "azure-repos",
    -                       "bitbucket-server", "bitbucket-cloud"] [default: "github"]
    +          [required] [choices: "github", "github-cloud-app", "github-enterprise",
    +        "gitlab", "azure-repos", "bitbucket-server", "bitbucket-cloud"] [default:
    +                                                                        "github"]
        --sourceUrl  Custom base url for the source API that can list organizations
                     (e.g. Github Enterprise url)"

    [0m [90m 26 |[39m         expect(err)[33m.[39mtoBeNull()[33m;[39m
     [90m 27 |[39m         expect(stderr)[33m.[39mtoEqual([32m''[39m)[33m;[39m
    [31m[1m>[22m[39m[90m 28 |[39m         expect(stdout[33m.[39mtrim())[33m.[39mtoMatchInlineSnapshot([32m`[39m
     [90m    |[39m                               [31m[1m^[22m[39m
     [90m 29 |[39m [32m          "index.js import:data[39m
     [90m 30 |[39m [32m[39m
     [90m 31 |[39m [32m          Generate data required for targets to be imported via API to create Snyk[39m[0m

      at test/system/import:data.test.ts:28:31

  ● `snyk-api-import import:data <...>` › Generates repo data as expected for Bitbucket Cloud

    expect(received).toEqual(expected) // deep equality

    Expected: 0
    Received: 1

    [0m [90m 127 |[39m       }[33m,[39m
     [90m 128 |[39m     )[33m.[39mon([32m'exit'[39m[33m,[39m (code) [33m=>[39m {
    [31m[1m>[22m[39m[90m 129 |[39m       expect(code)[33m.[39mtoEqual([35m0[39m)[33m;[39m
     [90m     |[39m                    [31m[1m^[22m[39m
     [90m 130 |[39m       done()[33m;[39m
     [90m 131 |[39m     })[33m;[39m
     [90m 132 |[39m   }[33m,[39m [35m50000[39m)[33m;[39m[0m

      at ChildProcess.<anonymous> (test/system/import:data.test.ts:129:20)

  ● `snyk-api-import import:data <...>` › Generates repo data as expected for Bitbucket Cloud

    thrown: "Exceeded timeout of 50000 ms for a test while waiting for `done()` to be called.
    Add a timeout value to this test to increase the timeout, if this is a long-running test. See https://jestjs.io/docs/api#testname-fn-timeout."

    [0m [90m 104 |[39m     })[33m;[39m
     [90m 105 |[39m   }[33m,[39m [35m50000[39m)[33m;[39m
    [31m[1m>[22m[39m[90m 106 |[39m   it([32m'Generates repo data as expected for Bitbucket Cloud'[39m[33m,[39m (done) [33m=>[39m {
     [90m     |[39m   [31m[1m^[22m[39m
     [90m 107 |[39m     [36mconst[39m orgDataFile [33m=[39m
     [90m 108 |[39m       [32m'test/system/fixtures/org-data/bitbucket-cloud-orgs.json'[39m[33m;[39m
     [90m 109 |[39m     exec([0m

      at test/system/import:data.test.ts:106:3
      at Object.<anonymous> (test/system/import:data.test.ts:7:1)

FAIL test/scripts/create-orgs.test.ts
  ● createOrgs script › create 1 org

    Failed to auto create the path /fixtures/create-orgs/1-org/ provided in the SNYK_LOG_PATH. Please check this variable is set correctly

    [0m [90m 12 |[39m       fs[33m.[39mmkdirSync(snykLogPath)[33m;[39m
     [90m 13 |[39m     } [36mcatch[39m (e) {
    [31m[1m>[22m[39m[90m 14 |[39m       [36mthrow[39m [36mnew[39m [33mError[39m(
     [90m    |[39m             [31m[1m^[22m[39m
     [90m 15 |[39m         [32m`Failed to auto create the path ${snykLogPath} provided in the SNYK_LOG_PATH. Please check this variable is set correctly`[39m[33m,[39m
     [90m 16 |[39m       )[33m;[39m
     [90m 17 |[39m     }[0m

      at getLoggingPath (src/lib/get-logging-path.ts:14:13)
      at createOrgs (src/scripts/create-orgs.ts:120:31)
      at Object.<anonymous> (test/scripts/create-orgs.test.ts:32:58)

  ● createOrgs script › create 1 org and do not list existing

    Failed to auto create the path /fixtures/create-orgs/1-org/ provided in the SNYK_LOG_PATH. Please check this variable is set correctly

    [0m [90m 12 |[39m       fs[33m.[39mmkdirSync(snykLogPath)[33m;[39m
     [90m 13 |[39m     } [36mcatch[39m (e) {
    [31m[1m>[22m[39m[90m 14 |[39m       [36mthrow[39m [36mnew[39m [33mError[39m(
     [90m    |[39m             [31m[1m^[22m[39m
     [90m 15 |[39m         [32m`Failed to auto create the path ${snykLogPath} provided in the SNYK_LOG_PATH. Please check this variable is set correctly`[39m[33m,[39m
     [90m 16 |[39m       )[33m;[39m
     [90m 17 |[39m     }[0m

      at getLoggingPath (src/lib/get-logging-path.ts:14:13)
      at createOrgs (src/scripts/create-orgs.ts:120:31)
      at Object.<anonymous> (test/scripts/create-orgs.test.ts:49:58)

  ● createOrgs script › creating an org with the same name as an org in the Group fails

    Failed to auto create the path /fixtures/create-orgs/unique-org/ provided in the SNYK_LOG_PATH. Please check this variable is set correctly

    [0m [90m 12 |[39m       fs[33m.[39mmkdirSync(snykLogPath)[33m;[39m
     [90m 13 |[39m     } [36mcatch[39m (e) {
    [31m[1m>[22m[39m[90m 14 |[39m       [36mthrow[39m [36mnew[39m [33mError[39m(
     [90m    |[39m             [31m[1m^[22m[39m
     [90m 15 |[39m         [32m`Failed to auto create the path ${snykLogPath} provided in the SNYK_LOG_PATH. Please check this variable is set correctly`[39m[33m,[39m
     [90m 16 |[39m       )[33m;[39m
     [90m 17 |[39m     }[0m

      at getLoggingPath (src/lib/get-logging-path.ts:14:13)
      at createOrgs (src/scripts/create-orgs.ts:120:31)
      at Object.<anonymous> (test/scripts/create-orgs.test.ts:71:77)

  ● createOrgs script › creating an org with the same name as an org in the Group does not fail with --includeExistingOrgsInOutput

    Failed to auto create the path /fixtures/create-orgs/unique-org/ provided in the SNYK_LOG_PATH. Please check this variable is set correctly

    [0m [90m 12 |[39m       fs[33m.[39mmkdirSync(snykLogPath)[33m;[39m
     [90m 13 |[39m     } [36mcatch[39m (e) {
    [31m[1m>[22m[39m[90m 14 |[39m       [36mthrow[39m [36mnew[39m [33mError[39m(
     [90m    |[39m             [31m[1m^[22m[39m
     [90m 15 |[39m         [32m`Failed to auto create the path ${snykLogPath} provided in the SNYK_LOG_PATH. Please check this variable is set correctly`[39m[33m,[39m
     [90m 16 |[39m       )[33m;[39m
     [90m 17 |[39m     }[0m

      at getLoggingPath (src/lib/get-logging-path.ts:14:13)
      at createOrgs (src/scripts/create-orgs.ts:120:31)
      at Object.<anonymous> (test/scripts/create-orgs.test.ts:98:77)

  ● createOrgs script › creating an org fails

    expect(received).rejects.toThrow(expected)

    Expected substring: "fails-to-create/<groupId>.failed-to-create-orgs.log"
    Received message:   "Failed to auto create the path /fixtures/create-orgs/fails-to-create/ provided in the SNYK_LOG_PATH. Please check this variable is set correctly"

        [0m [90m 12 |[39m       fs[33m.[39mmkdirSync(snykLogPath)[33m;[39m
         [90m 13 |[39m     } [36mcatch[39m (e) {
        [31m[1m>[22m[39m[90m 14 |[39m       [36mthrow[39m [36mnew[39m [33mError[39m(
         [90m    |[39m             [31m[1m^[22m[39m
         [90m 15 |[39m         [32m`Failed to auto create the path ${snykLogPath} provided in the SNYK_LOG_PATH. Please check this variable is set correctly`[39m[33m,[39m
         [90m 16 |[39m       )[33m;[39m
         [90m 17 |[39m     }[0m

      at getLoggingPath (src/lib/get-logging-path.ts:14:13)
      at createOrgs (src/scripts/create-orgs.ts:120:31)
      at Object.<anonymous> (test/scripts/create-orgs.test.ts:129:17)
      at Object.toThrow (node_modules/expect/build/index.js:218:22)
      at Object.<anonymous> (test/scripts/create-orgs.test.ts:130:15)

FAIL test/lib/git-clone.spec.ts
  ● gitClone › Github Enterprise › successfully clones a repo

    expect(received).toEqual(expected) // deep equality

    - Expected  - 3
    + Received  + 4

      Object {
    -   "gitResponse": "",
    -   "repoPath": Any<String>,
    -   "success": true,
    +   "gitResponse": "Cloning into '/tmp/snyk-clone-1761055640755-0.8758744574987198Xrst0U'...
    + fatal: unable to access '***********************/*************/mono-repo.git/': Could not resolve host: ghe.dev.snyk.io
    + ",
    +   "success": false,
      }

    [0m [90m 93 |[39m       })[33m;[39m
     [90m 94 |[39m
    [31m[1m>[22m[39m[90m 95 |[39m       expect(res)[33m.[39mtoEqual({
     [90m    |[39m                   [31m[1m^[22m[39m
     [90m 96 |[39m         gitResponse[33m:[39m [32m''[39m[33m,[39m
     [90m 97 |[39m         repoPath[33m:[39m expect[33m.[39many([33mString[39m)[33m,[39m
     [90m 98 |[39m         success[33m:[39m [36mtrue[39m[33m,[39m[0m

      at Object.<anonymous> (test/lib/git-clone.spec.ts:95:19)

  ● gitClone › Github Enterprise › fails to clone a repo for non-existent branch

    expect(received).toEqual(expected) // deep equality

    - Expected  - 1
    + Received  + 3

      Object {
    -   "gitResponse": StringContaining "Remote branch non-existent not found in upstream origin",
    +   "gitResponse": "Cloning into '/tmp/snyk-clone-1761055640802-0.77128921478971280NcZiw'...
    + fatal: unable to access '***********************/*************/mono-repo.git/': Could not resolve host: ghe.dev.snyk.io
    + ",
        "success": false,
      }

    [0m [90m 111 |[39m       })[33m;[39m
     [90m 112 |[39m
    [31m[1m>[22m[39m[90m 113 |[39m       expect(res)[33m.[39mtoEqual({
     [90m     |[39m                   [31m[1m^[22m[39m
     [90m 114 |[39m         gitResponse[33m:[39m expect[33m.[39mstringContaining(
     [90m 115 |[39m           [32m'Remote branch non-existent not found in upstream origin'[39m[33m,[39m
     [90m 116 |[39m         )[33m,[39m[0m

      at Object.<anonymous> (test/lib/git-clone.spec.ts:113:19)

  ● gitClone › Github Enterprise › fails to clone a repo with invalid token

    expect(received).toEqual(expected) // deep equality

    - Expected  - 1
    + Received  + 3

      Object {
    -   "gitResponse": StringContaining "Authentication failed",
    +   "gitResponse": "Cloning into '/tmp/snyk-clone-1761055640843-0.785107484885234fqazD8'...
    + fatal: unable to access '***********************/*************/mono-repo.git/': Could not resolve host: ghe.dev.snyk.io
    + ",
        "success": false,
      }

    [0m [90m 130 |[39m       })[33m;[39m
     [90m 131 |[39m
    [31m[1m>[22m[39m[90m 132 |[39m       expect(res)[33m.[39mtoEqual({
     [90m     |[39m                   [31m[1m^[22m[39m
     [90m 133 |[39m         gitResponse[33m:[39m expect[33m.[39mstringContaining([32m'Authentication failed'[39m)[33m,[39m
     [90m 134 |[39m         success[33m:[39m [36mfalse[39m[33m,[39m
     [90m 135 |[39m       })[33m;[39m[0m

      at Object.<anonymous> (test/lib/git-clone.spec.ts:132:19)

FAIL test/lib/find-files.test.ts
  ● find all files in test fixture (python)

    expect(received).toStrictEqual(expected) // deep equality

    - Expected  - 3
    + Received  + 1

    - Array [
    -   "/home/circleci/project/test/lib/fixtures/find-files/python/requirements/dev.txt",
    - ]
    + Array []

    [0m [90m 65 |[39m   )[33m;[39m
     [90m 66 |[39m   [36mconst[39m expected [33m=[39m [path[33m.[39mjoin(testFixture[33m,[39m [32m'requirements/dev.txt'[39m)][33m;[39m
    [31m[1m>[22m[39m[90m 67 |[39m   expect(result[33m.[39msort())[33m.[39mtoStrictEqual(expected[33m.[39msort())[33m;[39m
     [90m    |[39m                         [31m[1m^[22m[39m
     [90m 68 |[39m }[33m,[39m [35m5000[39m)[33m;[39m
     [90m 69 |[39m
     [90m 70 |[39m test([32m'find all files in test fixture by filtering for *.xml'[39m[33m,[39m [36masync[39m () [33m=>[39m {[0m

      at Object.<anonymous> (test/lib/find-files.test.ts:67:25)

  ● find all files in test fixture but filter out specific path for mvn

    expect(received).toStrictEqual(expected) // deep equality

    - Expected  - 0
    + Received  + 2

      Array [
        "/home/circleci/project/test/lib/fixtures/find-files/maven/pom.xml",
        "/home/circleci/project/test/lib/fixtures/find-files/maven/test.txt",
    +   "/home/circleci/project/test/lib/fixtures/find-files/mvn/pom.xml",
        "/home/circleci/project/test/lib/fixtures/find-files/mvn/test.txt",
    +   "/home/circleci/project/test/lib/fixtures/find-files/python/requirements/dev.txt",
      ]

    [0m [90m 90 |[39m     path[33m.[39mjoin(testFixture[33m,[39m [32m'mvn'[39m[33m,[39m [32m'test.txt'[39m)[33m,[39m
     [90m 91 |[39m   ][33m;[39m
    [31m[1m>[22m[39m[90m 92 |[39m   expect(result[33m.[39msort())[33m.[39mtoStrictEqual(expected[33m.[39msort())[33m;[39m
     [90m    |[39m                         [31m[1m^[22m[39m
     [90m 93 |[39m }[33m,[39m [35m5000[39m)[33m;[39m
     [90m 94 |[39m
     [90m 95 |[39m test[33m.[39mtodo([0m

      at Object.<anonymous> (test/lib/find-files.test.ts:92:25)

FAIL test/system/import.test.ts (57.845 s)
  ● `snyk-api-import import` › Import is the default command when no command passed in

    expect(received).toEqual(expected) // deep equality

    Expected: ""
    Received: "app.dev.snyk.io seems invalid and should look like https://api.snyk.io or https://api.<REGION>.snyk.io.
    Failed to kick off import for target: {\"name\":\"ruby-with-versions\",\"owner\":\"api-import-circle-test\",\"branch\":\"master\"}.
    ERROR name: Error msg: Expected a 201 response, instead received: {\"data\":\"Snyk is currently down for maintenance.\"} See more information in logs located at /home/circleci/project/test/system/fixtures/single-project/************************************.failed-imports.log or re-start in DEBUG mode.
    "

    [0m [90m 41 |[39m           [36mthrow[39m err[33m;[39m
     [90m 42 |[39m         }
    [31m[1m>[22m[39m[90m 43 |[39m         expect(stderr)[33m.[39mtoEqual([32m''[39m)[33m;[39m
     [90m    |[39m                        [31m[1m^[22m[39m
     [90m 44 |[39m         expect(err)[33m.[39mtoBeNull()[33m;[39m
     [90m 45 |[39m         expect(stdout[33m.[39mtrim())[33m.[39mtoMatch([32m`project(s)[39m
     [90m 46 |[39m [32mProcessed 1 out of a total of 1 targets[39m[0m

      at test/system/import.test.ts:43:24

  ● `snyk-api-import import` › `import` command triggers the API import

    expect(received).toEqual(expected) // deep equality

    Expected: ""
    Received: "app.dev.snyk.io seems invalid and should look like https://api.snyk.io or https://api.<REGION>.snyk.io.
    Failed to kick off import for target: {\"name\":\"composer-with-vulns\",\"owner\":\"api-import-circle-test\",\"branch\":\"master\"}.
    ERROR name: Error msg: Expected a 201 response, instead received: {\"data\":\"Snyk is currently down for maintenance.\"} See more information in logs located at /home/circleci/project/test/system/fixtures/************************************.failed-imports.log or re-start in DEBUG mode.
    "

    [0m [90m 77 |[39m         }
     [90m 78 |[39m         expect(err)[33m.[39mtoBeNull()[33m;[39m
    [31m[1m>[22m[39m[90m 79 |[39m         expect(stderr)[33m.[39mtoEqual([32m''[39m)[33m;[39m
     [90m    |[39m                        [31m[1m^[22m[39m
     [90m 80 |[39m         expect(stdout[33m.[39mtrim())[33m.[39mtoMatch([32m`project(s)[39m
     [90m 81 |[39m [32mProcessed 1 out of a total of 1 targets[39m
     [90m 82 |[39m [32mCheck the logs for any failures located at:`[39m)[33m;[39m[0m

      at test/system/import.test.ts:79:24

FAIL test/lib/index.test.ts
  ● Single target › Import & poll a repo

    Could not poll Url

    [0m [90m 71 |[39m       message[33m?[39m[33m:[39m string [33m|[39m undefined[33m;[39m
     [90m 72 |[39m       innerError[33m?[39m[33m:[39m string[33m;[39m
    [31m[1m>[22m[39m[90m 73 |[39m     } [33m=[39m [36mnew[39m [33mError[39m([32m'Could not poll Url'[39m)[33m;[39m
     [90m    |[39m         [31m[1m^[22m[39m
     [90m 74 |[39m     err[33m.[39minnerError [33m=[39m error[33m;[39m
     [90m 75 |[39m     [36mthrow[39m err[33m;[39m
     [90m 76 |[39m   }[0m

      at pollImportUrl (src/lib/api/poll-import/index.ts:73:9)
      at Object.<anonymous> (test/lib/index.test.ts:42:26)

  ● Multiple targets › importTargets & pollImportUrls multiple repos

    expect(received).toMatchObject(expected)

    Matcher error: received value must be a non-null object

    Received has value: undefined

    [0m [90m 91 |[39m     [36mconst[39m { projects } [33m=[39m [36mawait[39m pollImportUrls(requestManager[33m,[39m pollingUrls)[33m;[39m
     [90m 92 |[39m     [90m// at least one job successfully finished[39m
    [31m[1m>[22m[39m[90m 93 |[39m     expect(projects[[35m0[39m])[33m.[39mtoMatchObject({
     [90m    |[39m                         [31m[1m^[22m[39m
     [90m 94 |[39m       projectUrl[33m:[39m expect[33m.[39many([33mString[39m)[33m,[39m
     [90m 95 |[39m       success[33m:[39m [36mtrue[39m[33m,[39m
     [90m 96 |[39m       targetFile[33m:[39m expect[33m.[39many([33mString[39m)[33m,[39m[0m

      at Object.<anonymous> (test/lib/index.test.ts:93:25)

FAIL test/scripts/sync/import-target.spec.ts
  ● Import projects script › succeeds to import a single target

    expect(received).toEqual(expected) // deep equality

    Expected: 1
    Received: 0

    [0m [90m 47 |[39m     )[33m;[39m
     [90m 48 |[39m     expect(projects)[33m.[39mnot[33m.[39mtoBe([])[33m;[39m
    [31m[1m>[22m[39m[90m 49 |[39m     expect(projects[33m.[39mlength)[33m.[39mtoEqual([35m1[39m)[33m;[39m
     [90m    |[39m                             [31m[1m^[22m[39m
     [90m 50 |[39m     expect(projects[[35m0[39m])[33m.[39mtoMatchObject({
     [90m 51 |[39m       projectUrl[33m:[39m expect[33m.[39many([33mString[39m)[33m,[39m
     [90m 52 |[39m       success[33m:[39m [36mtrue[39m[33m,[39m[0m

      at Object.<anonymous> (test/scripts/sync/import-target.spec.ts:49:29)

FAIL test/scripts/polling.test.ts
  ● Logs failed polls › Fails to import targets from file

    ENOENT: no such file or directory, open '/home/circleci/project/test/scripts/ORG-ID.failed-polls.log'

    [0m [90m 48 |[39m     }
     [90m 49 |[39m     [36mawait[39m [36mnew[39m [33mPromise[39m((r) [33m=>[39m setTimeout(r[33m,[39m [35m300[39m))[33m;[39m
    [31m[1m>[22m[39m[90m 50 |[39m     [36mconst[39m failedLog [33m=[39m fs[33m.[39mreadFileSync(failedPollsLogName[33m,[39m [32m'utf8'[39m)[33m;[39m
     [90m    |[39m                          [31m[1m^[22m[39m
     [90m 51 |[39m     expect(failedLog)[33m.[39mtoMatch(
     [90m 52 |[39m       [32m`"level":50,"orgId":"ORG-ID","locationUrl":"https://api.snyk.io/v1/org/ORG-ID/integrations/INTEGRATION-ID/import/IMPORT-ID","errorMessage":{"statusCode":500,"error":{"message":"Error calling Snyk api"}},"msg":"Failed to poll url"`[39m[33m,[39m
     [90m 53 |[39m     )[33m;[39m[0m

      at Object.<anonymous> (test/scripts/polling.test.ts:50:26)

FAIL test/lib/orgs.test.ts
  ● Orgs API › Split orgs into existing & new for a Group

    thrown: Object {
      "error": Object {
        "message": "Error calling Snyk api",
      },
      "statusCode": 500,
    }

    [0m [90m 20 |[39m   })[33m;[39m
     [90m 21 |[39m
    [31m[1m>[22m[39m[90m 22 |[39m   it([32m'Split orgs into existing & new for a Group'[39m[33m,[39m [36masync[39m () [33m=>[39m {
     [90m    |[39m   [31m[1m^[22m[39m
     [90m 23 |[39m     [36mconst[39m orgs[33m:[39m [33mCreateOrgData[39m[] [33m=[39m [
     [90m 24 |[39m       {
     [90m 25 |[39m         groupId[33m:[39m [33mGROUP_ID[39m[33m,[39m[0m

      at test/lib/orgs.test.ts:22:3
      at Object.<anonymous> (test/lib/orgs.test.ts:11:1)

  ● Orgs API › Get all orgs for GROUP

    thrown: Object {
      "error": Object {
        "message": "Error calling Snyk api",
      },
      "statusCode": 500,
    }

    [0m [90m 51 |[39m   })[33m;[39m
     [90m 52 |[39m
    [31m[1m>[22m[39m[90m 53 |[39m   it([32m'Get all orgs for GROUP'[39m[33m,[39m [36masync[39m () [33m=>[39m {
     [90m    |[39m   [31m[1m^[22m[39m
     [90m 54 |[39m     [36mconst[39m orgs [33m=[39m [36mawait[39m getAllOrgs(requestManager[33m,[39m [33mGROUP_ID[39m)[33m;[39m
     [90m 55 |[39m
     [90m 56 |[39m     expect(orgs)[33m.[39mtoMatchObject(expect[33m.[39many([33mArray[39m))[33m;[39m[0m

      at test/lib/orgs.test.ts:53:3
      at Object.<anonymous> (test/lib/orgs.test.ts:11:1)

FAIL test/system/orgs:data/bitbucket.test.ts
  ● General `snyk-api-import orgs:data <...>` › Generates orgs data as expected for Bitbucket Server

    expect(received).toMatch(expected)

    Expected substring: "Found 1 project(s). Written the data to file: group-hello-bitbucket-server-orgs.json"
    Received string:    "Found 27 project(s). Written the data to file: group-hello-bitbucket-server-orgs.json
    "

    [0m [90m 26 |[39m         expect(stderr)[33m.[39mtoEqual([32m''[39m)[33m;[39m
     [90m 27 |[39m         expect(err)[33m.[39mtoBeNull()[33m;[39m
    [31m[1m>[22m[39m[90m 28 |[39m         expect(stdout)[33m.[39mtoMatch(
     [90m    |[39m                        [31m[1m^[22m[39m
     [90m 29 |[39m           [32m'Found 1 project(s). Written the data to file: group-hello-bitbucket-server-orgs.json'[39m[33m,[39m
     [90m 30 |[39m         )[33m;[39m
     [90m 31 |[39m         deleteFiles([[0m

      at test/system/orgs:data/bitbucket.test.ts:28:24

FAIL test/lib/source-handlers/bitbucket-cloud/bitbucket-cloud.test.ts
  ● Test Bitbucket Cloud script › listBitbucketCloudWorkspaces script

    {}

    [0m [90m 41 |[39m       pageCount[33m++[39m[33m;[39m
     [90m 42 |[39m     } [36mcatch[39m (err) {
    [31m[1m>[22m[39m[90m 43 |[39m       [36mthrow[39m [36mnew[39m [33mError[39m([33mJSON[39m[33m.[39mstringify(err))[33m;[39m
     [90m    |[39m             [31m[1m^[22m[39m
     [90m 44 |[39m     }
     [90m 45 |[39m   }
     [90m 46 |[39m   [36mreturn[39m workspacesList[33m;[39m[0m

      at fetchAllWorkspaces (src/lib/source-handlers/bitbucket-cloud/list-workspaces.ts:43:13)
      at listBitbucketCloudWorkspaces (src/lib/source-handlers/bitbucket-cloud/list-workspaces.ts:93:22)
      at Object.<anonymous> (test/lib/source-handlers/bitbucket-cloud/bitbucket-cloud.test.ts:9:24)

  ● Test Bitbucket Cloud script › listBitbucketCloudRepos script

    {}

    [0m [90m 52 |[39m       pageCount[33m++[39m[33m;[39m
     [90m 53 |[39m     } [36mcatch[39m (err) {
    [31m[1m>[22m[39m[90m 54 |[39m       [36mthrow[39m [36mnew[39m [33mError[39m([33mJSON[39m[33m.[39mstringify(err))[33m;[39m
     [90m    |[39m             [31m[1m^[22m[39m
     [90m 55 |[39m     }
     [90m 56 |[39m   }
     [90m 57 |[39m   [36mreturn[39m reposList[33m;[39m[0m

      at fetchAllBitbucketCloudRepos (src/lib/source-handlers/bitbucket-cloud/list-repos.ts:54:13)
      at listBitbucketCloudRepos (src/lib/source-handlers/bitbucket-cloud/list-repos.ts:108:20)
      at Object.<anonymous> (test/lib/source-handlers/bitbucket-cloud/bitbucket-cloud.test.ts:16:19)

FAIL test/system/orgs:data/github.test.ts
  ● General `snyk-api-import orgs:data <...>` › Generates orgs data as expected

    expect(received).toMatch(expected)

    Expected substring: "Found 3 organization(s). Written the data to file: group-hello-github-com-orgs.json"
    Received string:    "Found 1 organization(s). Written the data to file: group-hello-github-com-orgs.json
    "

    [0m [90m 26 |[39m         expect(stderr)[33m.[39mtoEqual([32m''[39m)[33m;[39m
     [90m 27 |[39m         expect(err)[33m.[39mtoBeNull()[33m;[39m
    [31m[1m>[22m[39m[90m 28 |[39m         expect(stdout)[33m.[39mtoMatch(
     [90m    |[39m                        [31m[1m^[22m[39m
     [90m 29 |[39m           [32m'Found 3 organization(s). Written the data to file: group-hello-github-com-orgs.json'[39m[33m,[39m
     [90m 30 |[39m         )[33m;[39m
     [90m 31 |[39m         deleteFiles([[0m

      at test/system/orgs:data/github.test.ts:28:24

FAIL test/system/projects.test.ts
  ● UpdateProject - e2e › Update project branch e2e

    expect(received).toEqual(expected) // deep equality

    Expected: "newDefaultBranch"
    Received: undefined

    [0m [90m 24 |[39m       branch[33m:[39m [32m'newDefaultBranch'[39m[33m,[39m
     [90m 25 |[39m     })[33m;[39m
    [31m[1m>[22m[39m[90m 26 |[39m     expect(res[33m.[39mbranch)[33m.[39mtoEqual([32m'newDefaultBranch'[39m)[33m;[39m
     [90m    |[39m                        [31m[1m^[22m[39m
     [90m 27 |[39m
     [90m 28 |[39m     res [33m=[39m [36mawait[39m updateProject(requestManager[33m,[39m [33mORG_ID[39m[33m,[39m [33mPROJECT_ID[39m[33m,[39m {
     [90m 29 |[39m       branch[33m:[39m [32m'main'[39m[33m,[39m[0m

      at Object.<anonymous> (test/system/projects.test.ts:26:24)


Snapshot Summary
 › 2 snapshots failed from 2 test suites. Inspect your code changes or run `npm run test:unit -- -u` to update them.

Test Suites: 23 failed, 24 passed, 47 total
Tests:       79 failed, 2 skipped, 7 todo, 143 passed, 231 total
Snapshots:   2 failed, 11 passed, 13 total
Time:        530.308 s